full_name,age,gender,birthdate,contact_info,last_seen_location,additional_details,,final_image
Aryan Maharaj,6,Male,10-11-2019,9.18E+11,station,Wearing black clothes,,30982.png
Udant Dewan,59,Male,20-10-1966,9.17E+11,park,Medical condition: asthmatic,,25645.png
Gagan Sami,68,Female,12-06-1957,9.19E+11,bus stop,Carrying a phone,,46214.png
Ayushman Chander,51,Female,10-04-1974,9.19E+11,market,Medical condition: allergic,,22821.png
Viraj Tiwari,26,Male,18-05-1999,9.16E+11,market,Carrying a phone,,29921.png
Rushil Saini,60,Male,11-11-1965,9.18E+11,park,Wearing black clothes,,30427.png
Saumya Mall,54,Male,20-08-1971,9.17E+11,market,Wearing green clothes,,31293.png
Nathaniel Sami,6,Female,03-11-2019,9.17E+11,bus stop,Has a unique tattoo,,28682.png
Arunima Dugal,21,Female,15-10-2004,9.18E+11,station,Medical condition: none,,41420.png
Gayathri Chaudry,71,Male,07-12-1954,9.20E+11,bus stop,Medical condition: asthmatic,,15685.png
Lajita Chatterjee,61,Female,01-07-1964,9.17E+11,park,Medical condition: none,,46765.png
Hemangini Lalla,36,Female,24-01-1989,9.18E+11,station,Wearing black clothes,,21959.png
Tripti Yadav,61,Female,03-09-1964,9.19E+11,station,Carrying a bag,,38469.png
Kritika Brar,66,Male,04-10-1959,9.17E+11,school,Medical condition: none,,41777.png
Janaki Handa,10,Female,27-10-2015,9.17E+11,station,Has a scarred tattoo,,12522.png
Chakradev Kari,73,Female,29-12-1952,9.16E+11,market,Carrying a bag,,40589.png
Fariq Kaul,67,Female,16-04-1958,9.19E+11,station,Wearing blue clothes,,29554.png
Lajita Mall,80,Female,18-01-1945,9.16E+11,station,Has a scarred tattoo,,35191.png
Janya Gaba,17,Female,17-07-2008,9.19E+11,market,Medical condition: asthmatic,,08462.png
Isha Kadakia,23,Male,19-05-2002,9.17E+11,market,Has a large tattoo,,43874.png
Ekbal Garg,67,Female,12-11-1958,9.18E+11,bus stop,Wearing green clothes,,28898.png
Nihal Shere,73,Male,07-12-1952,9.19E+11,bus stop,Wearing red clothes,,53742.png
Anamika Kanda,37,Female,19-08-1988,9.19E+11,station,Wearing green clothes,,50156.png
Daksh Karnik,55,Male,16-07-1970,9.18E+11,park,Medical condition: allergic,,04301.png
Diya Rattan,53,Female,06-11-1972,9.20E+11,bus stop,Medical condition: none,,06533.png
Dominic Kakar,31,Female,02-11-1994,9.19E+11,school,Wearing green clothes,,24271.png
Simon Tata,38,Male,31-03-1987,9.19E+11,school,Has a scarred tattoo,,35270.png
Tara Dhar,39,Male,24-01-1986,9.17E+11,market,Has a small tattoo,,32402.png
Liam Koshy,6,Male,28-10-2019,9.19E+11,school,Wearing blue clothes,,44035.png
Priya Rastogi,47,Male,26-10-1978,9.18E+11,station,Has a small tattoo,,23876.png
Theodore Devi,32,Male,24-02-1993,9.19E+11,bus stop,Medical condition: asthmatic,,34619.png
Gavin Batta,48,Female,03-10-1977,9.18E+11,park,Carrying a phone,,13826.png
Michael Dutta,30,Male,23-10-1995,9.18E+11,school,Has a large tattoo,,21234.png
Devansh Rajan,14,Female,22-08-2011,9.18E+11,park,Medical condition: none,,46362.png
Upadhriti Wadhwa,65,Female,10-01-1960,9.19E+11,market,Carrying a umbrella,,51188.png
Advay Contractor,76,Male,26-02-1949,9.19E+11,bus stop,Carrying a wallet,,42322.png
Harini Choudhury,49,Female,28-03-1976,9.18E+11,park,Medical condition: diabetic,,30038.png
Radhika Dugar,77,Male,04-01-1948,9.19E+11,station,Carrying a wallet,,33193.png
Aarush Lall,19,Female,20-06-2006,9.16E+11,park,Carrying a phone,,23612.png
Yashica Cherian,62,Female,25-12-1963,9.16E+11,market,Medical condition: allergic,,20385.png
Yashica Issac,29,Female,01-01-1996,9.18E+11,station,Carrying a wallet,,33210.png
Kashvi Edwin,68,Male,27-06-1957,9.17E+11,station,Carrying a wallet,,36813.png
Ekiya Suresh,78,Male,11-06-1947,9.19E+11,park,Wearing blue clothes,,52247.png
Isaac Patil,53,Male,09-11-1972,9.18E+11,school,Has a small tattoo,,12318.png
Wriddhish Bhardwaj,17,Female,19-11-2008,9.19E+11,school,Carrying a phone,,34151.png
Farhan Chada,68,Female,12-01-1957,9.18E+11,market,Carrying a wallet,,30236.png
Ekapad Walia,68,Male,26-02-1957,9.17E+11,school,Medical condition: allergic,,06168.png
Kabir Soman,20,Male,08-08-2005,9.18E+11,bus stop,Carrying a wallet,,40923.png
Alka Wable,62,Male,20-10-1963,9.18E+11,market,Carrying a wallet,,30855.png
Siddharth Zacharia,46,Female,21-02-1979,9.18E+11,school,Wearing green clothes,,24851.png
Devika Rastogi,44,Female,16-01-1981,9.19E+11,school,Medical condition: asthmatic,,29180.png
Raksha Varughese,41,Female,07-11-1984,9.17E+11,park,Wearing black clothes,,11168.png
Jai Kota,23,Female,01-11-2002,9.19E+11,school,Carrying a wallet,,20294.png
Devansh Nigam,66,Male,12-05-1959,9.19E+11,school,Medical condition: asthmatic,,49373.png
Victor Kannan,73,Female,09-07-1952,9.17E+11,bus stop,Wearing white clothes,,37536.png
Ekavir Bhargava,27,Male,06-10-1998,9.18E+11,market,Wearing blue clothes,,46235.png
Ekansh Balay,38,Male,10-10-1987,9.20E+11,school,Carrying a umbrella,,29248.png
Ekavir Varkey,56,Female,29-04-1969,9.17E+11,station,Wearing black clothes,,33139.png
Arya Sunder,67,Female,27-09-1958,9.18E+11,station,Medical condition: allergic,,23548.png
Kevin Solanki,55,Female,31-07-1970,9.17E+11,station,Carrying a bag,,05286.png
Urvashi Ray,51,Male,16-05-1974,9.19E+11,park,Wearing green clothes,,29871.png
Girindra Chatterjee,78,Female,10-09-1947,9.19E+11,park,Wearing white clothes,,18336.png
Irya Sampath,22,Male,01-04-2003,9.18E+11,school,Carrying a bag,,31340.png
Unni Bhagat,78,Male,08-10-1947,9.17E+11,station,Carrying a bag,,52372.png
Darsh Rau,79,Female,08-06-1946,9.19E+11,bus stop,Has a small tattoo,,35546.png
Ikbal Kothari,75,Male,01-04-1950,9.19E+11,station,Carrying a umbrella,,45086.png
Ranveer Yadav,5,Female,01-01-2020,9.17E+11,station,Has a unique tattoo,,26791.png
Logan Sami,54,Female,17-02-1971,9.16E+11,bus stop,Has a small tattoo,,40474.png
Arya Shere,73,Male,05-02-1952,9.17E+11,bus stop,Has a scarred tattoo,,27911.png
Faqid Savant,53,Female,13-09-1972,9.18E+11,market,Carrying a wallet,,36326.png
Chandresh Zachariah,76,Female,13-03-1949,9.17E+11,station,Carrying a umbrella,,40328.png
Girik Khalsa,54,Female,04-02-1971,9.18E+11,station,Carrying a bag,,37430.png
Niharika Sunder,61,Male,05-11-1964,9.19E+11,school,Carrying a wallet,,24781.png
Tanay Rattan,38,Female,19-08-1987,9.19E+11,school,Has a scarred tattoo,,53390.png
Nitesh Raghavan,40,Female,16-12-1985,9.17E+11,bus stop,Medical condition: asthmatic,,45503.png
Madhavi Lanka,18,Male,22-01-2007,9.20E+11,market,Carrying a wallet,,05664.png
Bhavika Sampath,40,Male,22-05-1985,9.17E+11,station,Has a unique tattoo,,26159.png
Mohammed Gupta,38,Male,24-10-1987,9.18E+11,school,Wearing black clothes,,35631.png
Teerth Bhardwaj,11,Male,30-04-2014,9.18E+11,station,Has a unique tattoo,,20751.png
Dipta Bhandari,53,Male,07-10-1972,9.16E+11,market,Wearing green clothes,,26659.png
Vansha Thakkar,40,Male,31-07-1985,9.18E+11,bus stop,Has a unique tattoo,,32814.png
Dakshesh Trivedi,75,Male,02-07-1950,9.19E+11,school,Carrying a phone,,07960.png
Quincy Biswas,32,Female,12-03-1993,9.17E+11,school,Medical condition: allergic,,21619.png
Wahab Raval,23,Female,07-07-2002,9.18E+11,station,Medical condition: asthmatic,,30596.png
Yatin Baral,15,Male,09-03-2010,9.18E+11,station,Medical condition: diabetic,,36676.png
Oni Virk,19,Female,22-04-2006,9.17E+11,station,Has a small tattoo,,07974.png
Advika Jayaraman,44,Male,11-08-1981,9.17E+11,school,Medical condition: none,,32847.png
William Lanka,58,Female,29-03-1967,9.18E+11,station,Carrying a bag,,00079.png
Karan Mital,55,Female,24-08-1970,9.18E+11,bus stop,Carrying a wallet,,07602.png
Diya Bora,71,Female,04-08-1954,9.18E+11,market,Carrying a wallet,,01422.png
Tara Chaudhry,10,Female,09-12-2015,9.19E+11,school,Has a unique tattoo,,07999.png
Tanay Toor,31,Female,09-06-1994,9.18E+11,market,Carrying a bag,,14158.png
Kevin Palla,30,Female,21-03-1995,9.19E+11,park,Wearing green clothes,,49423.png
Yash Pingle,30,Male,05-08-1995,9.18E+11,park,Carrying a wallet,,47297.png
Nakul Sarma,65,Female,05-12-1960,9.18E+11,park,Has a large tattoo,,50587.png
Abhiram Mistry,61,Male,08-10-1964,9.17E+11,market,Medical condition: diabetic,,12573.png
Krish Lalla,37,Male,08-11-1988,9.17E+11,park,Has a small tattoo,,40821.png
Hredhaan Dugal,52,Male,27-12-1973,9.19E+11,park,Medical condition: asthmatic,,45319.png
Baghyawati Kade,13,Male,22-09-2012,9.19E+11,school,Medical condition: asthmatic,,05399.png
Samar Lalla,51,Female,22-08-1974,9.17E+11,bus stop,Wearing red clothes,,39255.png
Zayan Behl,33,Female,07-03-1992,9.16E+11,school,Medical condition: diabetic,,18554.png
Pallavi Malhotra,15,Female,04-03-2010,9.18E+11,bus stop,Wearing white clothes,,28472.png
Aarush Nath,23,Male,21-11-2002,9.19E+11,station,Carrying a wallet,,51326.png
Adweta Edwin,41,Male,25-11-1984,9.19E+11,bus stop,Has a scarred tattoo,,33349.png
Prisha Andra,50,Male,09-05-1975,9.17E+11,bus stop,Wearing black clothes,,53048.png
Faqid Dixit,20,Female,26-06-2005,9.16E+11,market,Medical condition: allergic,,22690.png
Kala Divan,78,Female,03-03-1947,9.16E+11,school,Medical condition: diabetic,,30251.png
Joshua Barman,28,Female,08-02-1997,9.20E+11,bus stop,Carrying a phone,,18158.png
Janya Baral,43,Male,25-04-1982,9.19E+11,station,Carrying a bag,,32206.png
Shivansh Krish,41,Female,14-09-1984,9.18E+11,park,Has a small tattoo,,31016.png
Irya Ray,16,Female,02-04-2009,9.19E+11,park,Carrying a bag,,36981.png
Warjas Gaba,59,Female,22-12-1966,9.18E+11,market,Carrying a wallet,,47493.png
Nitara Bakshi,27,Female,11-12-1998,9.17E+11,park,Carrying a umbrella,,34677.png
Gaurangi Sabharwal,43,Female,13-12-1982,9.19E+11,station,Carrying a umbrella,,44482.png
Amara Dutta,72,Male,13-06-1953,9.19E+11,park,Wearing green clothes,,46281.png
Lavanya Barad,26,Male,21-07-1999,9.19E+11,market,Has a unique tattoo,,23800.png
Tristan Iyengar,72,Female,04-04-1953,9.17E+11,market,Has a scarred tattoo,,38258.png
Inaya Mody,17,Male,20-05-2008,9.17E+11,school,Wearing white clothes,,29620.png
Udant Bajwa,71,Female,03-07-1954,9.19E+11,station,Carrying a phone,,36842.png
Mohini Narasimhan,24,Female,10-07-2001,9.19E+11,market,Has a unique tattoo,,48955.png
Ekaraj Mallick,42,Male,17-04-1983,9.18E+11,bus stop,Medical condition: diabetic,,16046.png
Yashodhara Ratta,16,Female,15-06-2009,9.19E+11,market,Medical condition: diabetic,,26560.png
Ayaan D’Alia,33,Male,12-03-1992,9.17E+11,school,Carrying a umbrella,,04930.png
Pranav Lanka,17,Female,14-01-2008,9.16E+11,market,Has a large tattoo,,16042.png
Ikbal Saraf,35,Female,28-09-1990,9.18E+11,school,Medical condition: diabetic,,50989.png
Dipta Sarin,61,Male,23-10-1964,9.19E+11,park,Carrying a umbrella,,01610.png
Lekha Gupta,38,Female,05-03-1987,9.18E+11,school,Wearing white clothes,,16648.png
Chaitanya Sarin,60,Male,29-08-1965,9.18E+11,bus stop,Carrying a phone,,37585.png
Zinal Yohannan,26,Male,11-01-1999,9.18E+11,station,Has a large tattoo,,06573.png
Januja Sankar,76,Female,18-10-1949,9.19E+11,market,Medical condition: allergic,,49439.png
Ganga Murthy,18,Male,08-12-2007,9.19E+11,bus stop,Has a unique tattoo,,35874.png
Charita Tripathi,40,Male,13-10-1985,9.19E+11,station,Wearing white clothes,,13010.png
Nilima Narain,28,Male,09-07-1997,9.18E+11,school,Medical condition: none,,04781.png
Chakrika Datta,21,Male,13-02-2004,9.18E+11,park,Carrying a umbrella,,33660.png
Osha Raghavan,12,Female,25-01-2013,9.19E+11,market,Medical condition: diabetic,,26392.png
Charvi Ravi,17,Female,04-07-2008,9.19E+11,bus stop,Carrying a bag,,05654.png
Daksha Mangat,46,Female,17-10-1979,9.18E+11,school,Medical condition: none,,35798.png
Qushi Nagy,8,Male,03-10-2017,9.20E+11,station,Carrying a phone,,47838.png
Riya Sathe,17,Male,31-07-2008,9.16E+11,school,Carrying a umbrella,,51686.png
Yasti Solanki,63,Female,12-02-1962,9.18E+11,park,Wearing green clothes,,11567.png
Frado Mander,29,Male,14-01-1996,9.19E+11,school,Carrying a wallet,,15645.png
Girik Keer,71,Male,15-11-1954,9.19E+11,station,Carrying a umbrella,,30177.png
Umang Issac,69,Male,02-05-1956,9.18E+11,station,Has a small tattoo,,23644.png
Aryan Batra,65,Female,26-04-1960,9.18E+11,market,Has a small tattoo,,06959.png
Vaishnavi Bora,20,Female,31-03-2005,9.19E+11,station,Wearing white clothes,,13981.png
Oeshi Hayer,40,Female,11-03-1985,9.18E+11,market,Wearing red clothes,,49225.png
Warda Ratta,39,Female,30-04-1986,9.18E+11,park,Medical condition: allergic,,44337.png
Manbir Ahluwalia,33,Female,14-01-1992,9.17E+11,station,Carrying a umbrella,,18948.png
Pavani Kanda,6,Female,29-10-2019,9.18E+11,station,Carrying a bag,,23395.png
Zarna Shetty,34,Female,29-12-1991,9.16E+11,park,Wearing black clothes,,30597.png
Zaid Dara,41,Female,31-10-1984,9.18E+11,market,Wearing green clothes,,49944.png
Kiaan Shetty,54,Male,16-12-1971,9.16E+11,school,Wearing green clothes,,05608.png
Saanvi Thaman,27,Male,11-09-1998,9.18E+11,school,Carrying a phone,,26352.png
Sanaya Dutt,77,Female,03-03-1948,9.19E+11,market,Medical condition: allergic,,33814.png
Shivani Lad,13,Male,23-03-2012,9.20E+11,park,Medical condition: none,,06577.png
Aradhana Verma,80,Male,06-12-1945,9.19E+11,park,Carrying a umbrella,,05017.png
William Maharaj,24,Female,10-09-2001,9.18E+11,bus stop,Wearing green clothes,,02940.png
Faras Mangal,56,Female,18-09-1969,9.16E+11,station,Has a scarred tattoo,,46323.png
Anita Nayak,34,Male,21-01-1991,9.17E+11,market,Carrying a wallet,,06272.png
Faris Devi,52,Male,31-03-1973,9.16E+11,bus stop,Carrying a bag,,20070.png
Vihaan Rajagopal,28,Female,26-05-1997,9.18E+11,park,Medical condition: allergic,,12035.png
Tanish Bhatt,15,Male,28-03-2010,9.16E+11,station,Carrying a bag,,03141.png
Nikita Narayanan,67,Male,15-02-1958,9.17E+11,bus stop,Wearing red clothes,,46068.png
Ojasvi Bhatia,9,Male,29-06-2016,9.19E+11,station,Wearing blue clothes,,30214.png
Osha Ramachandran,66,Female,16-07-1959,9.17E+11,bus stop,Medical condition: none,,32382.png
Lajita Sood,44,Male,06-08-1981,9.18E+11,station,Has a large tattoo,,28655.png
Indira Misra,79,Male,03-06-1946,9.18E+11,school,Carrying a bag,,21124.png
Oni Yohannan,62,Female,02-08-1963,9.19E+11,school,Medical condition: none,,39488.png
Vinaya Kanda,38,Female,14-12-1987,9.19E+11,station,Has a scarred tattoo,,05249.png
Rajata Sunder,70,Male,29-11-1955,9.17E+11,market,Carrying a bag,,51073.png
Lopa Nayar,25,Male,03-08-2000,9.17E+11,market,Medical condition: allergic,,49776.png
Noah Sibal,14,Male,21-04-2011,9.17E+11,park,Has a unique tattoo,,34384.png
Avi Ramesh,33,Female,09-03-1992,9.19E+11,park,Wearing white clothes,,30386.png
Fiyaz Sangha,43,Female,07-04-1982,9.19E+11,bus stop,Carrying a wallet,,26612.png
Triya Gopal,80,Male,28-11-1945,9.16E+11,park,Medical condition: allergic,,02325.png
Abha Raghavan,61,Female,04-07-1964,9.17E+11,bus stop,Wearing blue clothes,,17007.png
Siddharth Sha,21,Male,26-01-2004,9.18E+11,school,Wearing black clothes,,19686.png
Geetika Raghavan,12,Male,10-12-2013,9.19E+11,park,Wearing red clothes,,36417.png
Oviya Krishnan,58,Male,02-09-1967,9.17E+11,station,Has a large tattoo,,32081.png
Upma Bahl,14,Female,16-03-2011,9.19E+11,market,Medical condition: asthmatic,,27960.png
Inaya Kapur,69,Male,20-11-1956,9.20E+11,school,Has a large tattoo,,33940.png
Banjeet Balasubramanian,62,Male,27-04-1963,9.19E+11,park,Carrying a bag,,51305.png
Ryan Bahri,30,Male,09-10-1995,9.17E+11,school,Carrying a umbrella,,30540.png
William Date,65,Female,23-08-1960,9.17E+11,school,Has a large tattoo,,17765.png
Ishwar Kamdar,66,Male,29-06-1959,9.17E+11,school,Medical condition: asthmatic,,20814.png
Aahana Pillay,53,Male,09-05-1972,9.20E+11,park,Carrying a umbrella,,14936.png
Ishwar Gade,24,Male,13-01-2001,9.17E+11,school,Medical condition: none,,31850.png
Hritik Bal,77,Female,18-02-1948,9.19E+11,market,Carrying a bag,,01411.png
Keya Ranganathan,41,Male,18-08-1984,9.16E+11,market,Has a small tattoo,,24628.png
Faqid Kibe,80,Male,16-08-1945,9.19E+11,bus stop,Has a small tattoo,,48023.png
Charvi Dara,62,Male,24-12-1963,9.19E+11,school,Medical condition: allergic,,03121.png
Idika Walia,78,Female,18-09-1947,9.16E+11,school,Has a scarred tattoo,,43825.png
Kamala Biswas,70,Female,23-08-1955,9.18E+11,market,Medical condition: allergic,,32782.png
Advik Salvi,77,Female,06-02-1948,9.18E+11,park,Carrying a wallet,,11749.png
Hitesh Sant,37,Male,04-10-1988,9.19E+11,school,Wearing black clothes,,15514.png
Tripti Dua,22,Male,25-04-2003,9.19E+11,bus stop,Medical condition: asthmatic,,02748.png
Patrick Vig,28,Female,01-05-1997,9.19E+11,market,Medical condition: allergic,,40893.png
Veda Shroff,11,Male,03-12-2014,9.17E+11,bus stop,Has a large tattoo,,42030.png
Amrita Naidu,20,Female,04-09-2005,9.18E+11,bus stop,Carrying a bag,,36920.png
Gabriel Mallick,8,Male,14-05-2017,9.19E+11,bus stop,Medical condition: asthmatic,,18329.png
Yagnesh Shetty,43,Female,24-10-1982,9.16E+11,park,Carrying a bag,,14659.png
Gayathri Balakrishnan,78,Male,20-03-1947,9.16E+11,bus stop,Carrying a umbrella,,19960.png
Ekta Gopal,58,Female,20-03-1967,9.17E+11,station,Medical condition: asthmatic,,18778.png
Simon Pant,30,Male,31-07-1995,9.17E+11,bus stop,Wearing green clothes,,23103.png
Harini Mammen,80,Male,11-12-1945,9.17E+11,market,Carrying a wallet,,15574.png
Advaith Varughese,57,Female,01-09-1968,9.19E+11,bus stop,Has a unique tattoo,,44747.png
Frederick Khurana,10,Male,07-05-2015,9.17E+11,park,Has a unique tattoo,,04775.png
Vrinda Khosla,77,Female,20-02-1948,9.18E+11,school,Wearing blue clothes,,25338.png
Vritti Sem,74,Female,19-04-1951,9.17E+11,park,Has a scarred tattoo,,15696.png
Girik Menon,43,Female,26-02-1982,9.19E+11,bus stop,Has a unique tattoo,,06014.png
Nidhi Kohli,78,Male,30-04-1947,9.17E+11,station,Medical condition: none,,49692.png
Jyoti Solanki,37,Male,14-01-1988,9.17E+11,bus stop,Carrying a bag,,22849.png
Pavani Narayanan,52,Male,03-06-1973,9.19E+11,park,Wearing black clothes,,18123.png
Sudiksha Madan,77,Male,27-06-1948,9.19E+11,bus stop,Carrying a bag,,01107.png
Zayan Kashyap,76,Female,26-09-1949,9.19E+11,bus stop,Carrying a umbrella,,13878.png
Reyansh Mutti,17,Female,21-10-2008,9.20E+11,bus stop,Carrying a bag,,33911.png
Qasim Handa,12,Male,31-07-2013,9.18E+11,market,Has a small tattoo,,17064.png
Veda Malhotra,77,Male,24-05-1948,9.16E+11,market,Wearing green clothes,,41987.png
Harish Hari,13,Male,02-02-2012,9.18E+11,park,Medical condition: none,,03011.png
Utkarsh Patel,69,Female,16-08-1956,9.20E+11,park,Has a small tattoo,,33578.png
Chasmum Atwal,14,Female,08-05-2011,9.20E+11,bus stop,Medical condition: none,,52377.png
Anusha Bath,51,Male,22-02-1974,9.19E+11,park,Has a unique tattoo,,48199.png
Brinda Date,38,Female,24-06-1987,9.19E+11,bus stop,Has a unique tattoo,,16822.png
Harshil Arora,51,Female,18-11-1974,9.17E+11,bus stop,Has a scarred tattoo,,04306.png
Upasna Srinivas,13,Female,16-11-2012,9.18E+11,school,Has a scarred tattoo,,37794.png
Harini Gour,22,Female,30-11-2003,9.17E+11,park,Wearing red clothes,,14457.png
Zayyan Sridhar,47,Male,10-04-1978,9.18E+11,school,Has a unique tattoo,,37502.png
Dhruv Rattan,62,Male,29-03-1963,9.16E+11,market,Medical condition: diabetic,,53174.png
Ethan Bera,45,Male,19-11-1980,9.16E+11,station,Has a large tattoo,,01084.png
Manthan Modi,56,Female,19-07-1969,9.19E+11,bus stop,Wearing white clothes,,42896.png
Yuvraj Dani,80,Male,04-12-1945,9.17E+11,market,Carrying a wallet,,02288.png
Upkaar Virk,23,Female,17-12-2002,9.20E+11,bus stop,Medical condition: none,,30401.png
Shravya Savant,74,Male,01-09-1951,9.20E+11,bus stop,Carrying a umbrella,,03608.png
Pushti Mody,24,Male,25-08-2001,9.18E+11,bus stop,Wearing blue clothes,,12866.png
Hardik Johal,80,Male,22-10-1945,9.19E+11,park,Has a scarred tattoo,,17934.png
Aishani Bumb,15,Male,19-08-2010,9.19E+11,school,Wearing red clothes,,04805.png
Wriddhish Ghose,16,Male,09-12-2009,9.19E+11,market,Carrying a wallet,,04262.png
Naksh Agate,22,Male,12-05-2003,9.17E+11,market,Carrying a wallet,,30608.png
Shravya Singhal,34,Female,26-11-1991,9.17E+11,park,Wearing blue clothes,,49953.png
Bachittar Kata,10,Female,27-10-2015,9.20E+11,bus stop,Carrying a phone,,51447.png
Barkha Setty,53,Male,25-11-1972,9.19E+11,station,Medical condition: none,,37482.png
Vivaan Lalla,21,Female,15-02-2004,9.16E+11,station,Medical condition: diabetic,,08745.png
Pavani Contractor,33,Male,30-10-1992,9.17E+11,bus stop,Has a large tattoo,,15173.png
Manthan Lata,22,Female,21-12-2003,9.17E+11,park,Wearing black clothes,,22390.png
Ekbal Bhasin,69,Female,17-09-1956,9.17E+11,market,Carrying a wallet,,45356.png
Damyanti Mani,80,Male,25-06-1945,9.16E+11,bus stop,Medical condition: diabetic,,50344.png
Jeet Sidhu,10,Female,08-01-2015,9.19E+11,bus stop,Has a small tattoo,,26751.png
Neha Magar,20,Female,08-03-2005,9.16E+11,bus stop,Carrying a umbrella,,38118.png
Raksha Buch,69,Male,23-01-1956,9.19E+11,bus stop,Carrying a umbrella,,32413.png
Rachana Naidu,6,Female,05-07-2019,9.19E+11,school,Wearing red clothes,,27651.png
Atharv Chand,62,Female,13-01-1963,9.18E+11,bus stop,Wearing blue clothes,,41807.png
Ansh Luthra,50,Male,23-08-1975,9.18E+11,market,Has a large tattoo,,48869.png
Parth Singhal,5,Female,25-08-2020,9.18E+11,bus stop,Carrying a umbrella,,31013.png
Arunima Golla,29,Male,18-12-1996,9.19E+11,school,Has a scarred tattoo,,46412.png
Vyanjana Chand,48,Female,14-07-1977,9.19E+11,school,Has a small tattoo,,28474.png
Ijaya Rege,17,Male,27-03-2008,9.17E+11,station,Wearing green clothes,,20249.png
Ekani Cheema,52,Female,14-04-1973,9.17E+11,bus stop,Wearing blue clothes,,42020.png
Forum Sabharwal,30,Female,03-04-1995,9.18E+11,bus stop,Carrying a wallet,,42852.png
Bhavya Rattan,62,Female,16-07-1963,9.17E+11,market,Wearing white clothes,,36176.png
Suhani Chakrabarti,34,Male,04-08-1991,9.16E+11,school,Wearing black clothes,,34483.png
Zayyan Naik,7,Male,04-03-2018,9.19E+11,school,Has a scarred tattoo,,11048.png
Netra Varkey,11,Female,14-12-2014,9.19E+11,school,Has a unique tattoo,,06793.png
Turvi Sachdev,13,Male,09-02-2012,9.16E+11,market,Medical condition: asthmatic,,07284.png
Raghav Vasa,46,Female,28-08-1979,9.18E+11,park,Carrying a bag,,04518.png
Wishi Sathe,66,Male,18-06-1959,9.18E+11,market,Medical condition: asthmatic,,26660.png
Samar Loke,74,Female,27-09-1951,9.16E+11,school,Carrying a bag,,30618.png
Bhavna Sarma,50,Female,29-06-1975,9.16E+11,station,Carrying a bag,,00496.png
Jairaj Balakrishnan,27,Male,29-06-1998,9.20E+11,bus stop,Wearing black clothes,,15364.png
Nathan Mukhopadhyay,28,Male,08-11-1997,9.19E+11,bus stop,Carrying a wallet,,06115.png
Nikita Chander,73,Male,24-01-1952,9.19E+11,bus stop,Has a scarred tattoo,,22221.png
Ishaan Shenoy,58,Male,04-09-1967,9.18E+11,school,Has a small tattoo,,42975.png
Mitesh Tara,26,Female,18-04-1999,9.19E+11,school,Wearing black clothes,,19876.png
Yashodhara Mahajan,18,Male,12-10-2007,9.16E+11,school,Wearing green clothes,,30654.png
Vasudha Sodhi,63,Male,30-09-1962,9.19E+11,market,Wearing blue clothes,,32954.png
Tanmayi Dhillon,5,Female,08-12-2020,9.20E+11,market,Carrying a wallet,,06924.png
Rayaan Trivedi,17,Female,26-11-2008,9.17E+11,station,Has a small tattoo,,43141.png
Ekaraj Majumdar,49,Female,08-09-1976,9.17E+11,park,Has a large tattoo,,45001.png
Harini Tripathi,72,Male,23-12-1953,9.17E+11,station,Has a scarred tattoo,,23124.png
Aarnav Mandal,48,Male,03-11-1977,9.19E+11,school,Wearing black clothes,,52578.png
Vrishti Dixit,25,Female,01-01-2000,9.17E+11,station,Medical condition: asthmatic,,24465.png
Veda Pai,54,Male,01-11-1971,9.16E+11,park,Medical condition: allergic,,25937.png
Krishna Shah,74,Male,25-09-1951,9.18E+11,park,Carrying a umbrella,,19613.png
Ranbir Khare,54,Female,06-10-1971,9.20E+11,park,Medical condition: allergic,,17034.png
Vivaan Roy,56,Female,22-07-1969,9.16E+11,bus stop,Carrying a wallet,,37056.png
Eesha Solanki,12,Female,20-03-2013,9.20E+11,station,Carrying a umbrella,,39176.png
Libni Doshi,17,Male,01-07-2008,9.18E+11,park,Wearing black clothes,,20817.png
Balhaar Date,49,Female,08-11-1976,9.16E+11,market,Wearing white clothes,,14522.png
Harish Sarraf,43,Male,27-01-1982,9.19E+11,school,Wearing green clothes,,23554.png
Tanmayi Aurora,11,Female,27-02-2014,9.17E+11,bus stop,Medical condition: none,,18040.png
Nimrat Dubey,57,Male,22-04-1968,9.18E+11,park,Carrying a phone,,40167.png
Upasna Lanka,9,Female,15-08-2016,9.20E+11,school,Has a large tattoo,,11993.png
Mitali Buch,30,Female,22-11-1995,9.20E+11,park,Carrying a phone,,47541.png
Lajita Nadig,54,Male,28-05-1971,9.19E+11,school,Carrying a bag,,23824.png
Balendra Biswas,69,Female,06-07-1956,9.20E+11,park,Medical condition: diabetic,,48538.png
Bhavna Karan,61,Male,18-07-1964,9.19E+11,park,Wearing black clothes,,07852.png
Radha Chaudhari,53,Female,14-06-1972,9.17E+11,station,Has a small tattoo,,27877.png
Sachi Ganesan,40,Male,31-07-1985,9.20E+11,station,Has a unique tattoo,,03649.png
Ayush Batra,18,Female,24-01-2007,9.17E+11,park,Medical condition: asthmatic,,20782.png
Daksh Memon,76,Female,15-06-1949,9.19E+11,park,Carrying a bag,,23694.png
Kavya Sankar,68,Female,10-05-1957,9.17E+11,market,Carrying a umbrella,,32999.png
Yash Wali,62,Male,31-10-1963,9.20E+11,station,Has a large tattoo,,29175.png
Pranit Garde,21,Female,12-11-2004,9.18E+11,bus stop,Has a large tattoo,,33384.png
Farhan Raja,57,Male,07-05-1968,9.19E+11,bus stop,Has a unique tattoo,,52465.png
Widisha Dhar,31,Female,01-06-1994,9.19E+11,school,Wearing white clothes,,30818.png
Triya Kumar,59,Female,25-08-1966,9.17E+11,school,Wearing black clothes,,35498.png
Aadhya Andra,11,Female,06-03-2014,9.19E+11,school,Carrying a phone,,05805.png
Bhavna Dugar,27,Female,16-02-1998,9.19E+11,school,Medical condition: none,,28338.png
Riya Pai,50,Male,19-11-1975,9.17E+11,market,Medical condition: none,,30718.png
Panini Krishna,16,Female,16-09-2009,9.20E+11,school,Carrying a wallet,,50572.png
Chasmum Issac,34,Male,28-11-1991,9.19E+11,station,Medical condition: asthmatic,,53552.png
Vasudha Chhabra,33,Female,13-07-1992,9.19E+11,bus stop,Carrying a phone,,23234.png
Lakshmi Parmer,43,Male,18-09-1982,9.18E+11,park,Medical condition: asthmatic,,42598.png
Chakrika Bains,25,Male,10-06-2000,9.16E+11,bus stop,Carrying a wallet,,29136.png
Anvi Anand,31,Male,04-03-1994,9.17E+11,school,Carrying a wallet,,33110.png
Watika Mangat,51,Male,19-08-1974,9.17E+11,market,Carrying a wallet,,40590.png
Indira Kanda,46,Female,31-03-1979,9.18E+11,market,Carrying a bag,,43857.png
Zashil Devan,15,Female,18-11-2010,9.19E+11,bus stop,Carrying a wallet,,13651.png
Balveer More,27,Male,04-07-1998,9.19E+11,school,Carrying a phone,,53869.png
Bahadurjit Patla,75,Female,25-10-1950,9.17E+11,park,Wearing blue clothes,,47018.png
Gautam Merchant,29,Male,10-08-1996,9.19E+11,park,Carrying a phone,,05164.png
Ojasvi Gill,27,Female,09-05-1998,9.17E+11,station,Carrying a bag,,16497.png
Kevin Zacharia,32,Male,08-10-1993,9.18E+11,station,Carrying a phone,,32270.png
Yachana Mahajan,50,Female,25-08-1975,9.18E+11,station,Has a scarred tattoo,,42414.png
Aarini Subramaniam,31,Female,01-12-1994,9.19E+11,market,Medical condition: none,,12803.png
Hamsini Contractor,47,Male,04-09-1978,9.16E+11,market,Carrying a umbrella,,02925.png
Faqid Dhaliwal,59,Male,05-06-1966,9.19E+11,market,Has a large tattoo,,30538.png
Mekhala Pau,41,Male,02-01-1984,9.19E+11,bus stop,Carrying a phone,,22527.png
Megha Atwal,28,Male,04-09-1997,9.18E+11,park,Carrying a wallet,,11493.png
Jatin Sha,14,Female,16-01-2011,9.16E+11,park,Carrying a umbrella,,19646.png
Adweta Raj,55,Male,05-12-1970,9.17E+11,bus stop,Carrying a umbrella,,33920.png
Hritik Kaur,34,Male,20-12-1991,9.18E+11,park,Carrying a umbrella,,18553.png
Aryan Narang,37,Male,06-09-1988,9.18E+11,bus stop,Has a large tattoo,,26103.png
Dev Shetty,36,Female,17-09-1989,9.19E+11,market,Medical condition: diabetic,,38500.png
Nilima Dada,56,Female,10-08-1969,9.17E+11,station,Wearing black clothes,,29075.png
Chakradev Barad,26,Male,13-09-1999,9.16E+11,park,Wearing black clothes,,44301.png
Waida D’Alia,70,Female,17-12-1955,9.17E+11,station,Wearing white clothes,,42926.png
Wahab Yogi,35,Female,06-07-1990,9.19E+11,school,Has a scarred tattoo,,00848.png
Lipika Setty,55,Female,12-06-1970,9.16E+11,market,Wearing white clothes,,47964.png
Oni Dubey,29,Male,12-06-1996,9.18E+11,park,Medical condition: asthmatic,,46956.png
Hardik Suri,76,Male,26-06-1949,9.19E+11,bus stop,Carrying a wallet,,04856.png
Ati Bali,51,Female,27-06-1974,9.17E+11,park,Has a scarred tattoo,,02362.png
Teerth Sawhney,63,Female,23-09-1962,9.17E+11,park,Medical condition: allergic,,40425.png
Warinder Patil,25,Female,30-05-2000,9.19E+11,park,Medical condition: asthmatic,,04250.png
Jhalak Parmer,38,Male,11-04-1987,9.19E+11,bus stop,Wearing red clothes,,25583.png
Mitali Majumdar,28,Female,16-07-1997,9.17E+11,station,Carrying a phone,,00552.png
Jason Sha,18,Male,15-08-2007,9.16E+11,park,Wearing red clothes,,33023.png
Simon Bail,69,Female,07-09-1956,9.17E+11,school,Carrying a umbrella,,06562.png
Gauri Kohli,60,Male,09-11-1965,9.17E+11,station,Has a unique tattoo,,22865.png
Samesh Biswas,57,Male,25-05-1968,9.16E+11,school,Wearing red clothes,,50835.png
Tarak Kaul,57,Male,20-11-1968,9.18E+11,station,Wearing green clothes,,08377.png
Manbir Agate,21,Female,26-08-2004,9.20E+11,school,Medical condition: diabetic,,32943.png
Maanav De,74,Male,06-08-1951,9.19E+11,market,Has a scarred tattoo,,49849.png
Owen Choudhary,71,Male,17-10-1954,9.18E+11,park,Has a scarred tattoo,,42564.png
Karan Aurora,9,Female,23-10-2016,9.19E+11,park,Medical condition: asthmatic,,41637.png
Wazir Naik,51,Male,23-05-1974,9.17E+11,market,Carrying a bag,,00142.png
Owen Lanka,26,Male,23-01-1999,9.18E+11,market,Medical condition: none,,02204.png
Jonathan Sama,45,Male,25-12-1980,9.16E+11,bus stop,Medical condition: diabetic,,03770.png
Devansh Soni,22,Female,04-10-2003,9.16E+11,station,Carrying a phone,,21021.png
Janaki Varghese,21,Female,20-04-2004,9.19E+11,station,Carrying a bag,,24600.png
Siya Thakur,73,Female,11-06-1952,9.18E+11,station,Wearing white clothes,,13299.png
Caleb Verma,14,Male,18-01-2011,9.18E+11,park,Wearing red clothes,,13394.png
Tara Balasubramanian,76,Male,25-02-1949,9.17E+11,school,Medical condition: diabetic,,24263.png
Varenya Ratti,71,Female,07-01-1954,9.20E+11,park,Medical condition: asthmatic,,19471.png
Hritik Swaminathan,14,Female,09-09-2011,9.18E+11,station,Wearing black clothes,,07463.png
Ethan Buch,45,Female,19-11-1980,9.16E+11,park,Medical condition: diabetic,,21309.png
Manbir Bhatti,40,Female,12-06-1985,9.17E+11,park,Has a scarred tattoo,,12302.png
Anvi Nair,39,Female,02-08-1986,9.17E+11,bus stop,Wearing red clothes,,45070.png
Chaitaly Setty,54,Male,24-08-1971,9.18E+11,market,Medical condition: diabetic,,39405.png
Hardik Contractor,56,Male,03-02-1969,9.18E+11,market,Carrying a umbrella,,11149.png
Qushi Seth,37,Male,14-11-1988,9.17E+11,school,Medical condition: asthmatic,,17326.png
Odika Nori,32,Male,20-03-1993,9.18E+11,park,Has a scarred tattoo,,14314.png
Mohini Sagar,67,Male,13-02-1958,9.19E+11,park,Carrying a wallet,,15477.png
Dhriti Sane,53,Male,26-03-1972,9.17E+11,market,Carrying a umbrella,,37496.png
Aadhya Prasad,54,Female,01-07-1971,9.17E+11,bus stop,Carrying a wallet,,23222.png
Urvi Bhavsar,55,Female,17-08-1970,9.16E+11,park,Wearing black clothes,,34302.png
Frederick Chander,80,Male,16-12-1945,9.16E+11,school,Has a large tattoo,,45292.png
Gopal Pradhan,16,Female,04-02-2009,9.16E+11,school,Medical condition: diabetic,,01933.png
Darpan Narayan,57,Female,20-10-1968,9.20E+11,park,Has a small tattoo,,24698.png
Nirja Pandya,35,Male,28-10-1990,9.19E+11,station,Has a large tattoo,,47622.png
Charan Mani,7,Female,17-04-2018,9.19E+11,station,Wearing blue clothes,,38904.png
Indira Chawla,75,Male,08-09-1950,9.17E+11,park,Medical condition: diabetic,,44241.png
Mohammed Subramaniam,67,Male,29-01-1958,9.16E+11,school,Medical condition: asthmatic,,18166.png
Hritik Palla,35,Male,07-03-1990,9.18E+11,park,Medical condition: diabetic,,51050.png
Ishwar Mallick,63,Male,25-06-1962,9.18E+11,park,Has a scarred tattoo,,47928.png
Pushti Bal,57,Female,01-12-1968,9.19E+11,park,Carrying a umbrella,,42580.png
Ayush Gole,56,Male,15-09-1969,9.20E+11,station,Has a large tattoo,,42793.png
Dayamai Nori,11,Female,09-09-2014,9.16E+11,market,Has a scarred tattoo,,08445.png
Abeer Golla,32,Male,19-08-1993,9.19E+11,bus stop,Has a small tattoo,,02202.png
Nandini Boase,70,Female,30-04-1955,9.18E+11,school,Wearing green clothes,,02635.png
Azaan Chand,9,Female,08-02-2016,9.18E+11,market,Medical condition: asthmatic,,30272.png
Krisha Saini,5,Male,14-07-2020,9.17E+11,bus stop,Has a scarred tattoo,,11605.png
Harita Dugar,37,Male,30-04-1988,9.16E+11,market,Wearing red clothes,,42403.png
Devika Nair,25,Male,05-02-2000,9.18E+11,market,Wearing red clothes,,22024.png
Charles Dugal,19,Female,10-01-2006,9.17E+11,station,Medical condition: diabetic,,25954.png
Chandran Bumb,35,Female,24-01-1990,9.16E+11,market,Wearing red clothes,,20684.png
Saanvi Samra,61,Male,01-10-1964,9.17E+11,station,Carrying a umbrella,,25097.png
Riya Sachdeva,37,Female,26-08-1988,9.18E+11,school,Wearing red clothes,,13569.png
Tanveer Vala,37,Male,06-01-1988,9.18E+11,market,Carrying a bag,,04482.png
Hemani Sani,20,Female,05-06-2005,9.19E+11,bus stop,Carrying a bag,,00136.png
Bhanumati Sur,10,Male,09-12-2015,9.19E+11,station,Medical condition: asthmatic,,22764.png
Chakradev Kannan,35,Female,09-06-1990,9.20E+11,bus stop,Has a small tattoo,,52342.png
Christopher Amble,41,Male,14-12-1984,9.20E+11,bus stop,Carrying a phone,,42724.png
Charvi Kakar,23,Female,07-11-2002,9.18E+11,bus stop,Medical condition: asthmatic,,45012.png
Aadhya Mann,80,Female,05-08-1945,9.18E+11,school,Carrying a bag,,40553.png
Jagdish Amble,23,Male,11-11-2002,9.18E+11,park,Medical condition: asthmatic,,27891.png
Qushi Gill,19,Female,01-04-2006,9.18E+11,school,Carrying a umbrella,,34224.png
Lajita Walia,62,Female,03-03-1963,9.17E+11,station,Medical condition: asthmatic,,40835.png
Xiti Pandya,67,Male,08-01-1958,9.19E+11,park,Medical condition: diabetic,,14446.png
Mekhala Basak,42,Female,19-09-1983,9.20E+11,school,Wearing black clothes,,34768.png
Anirudh Sharaf,54,Male,18-01-1971,9.18E+11,park,Carrying a phone,,36140.png
Dhriti Sanghvi,25,Male,13-08-2000,9.19E+11,station,Has a scarred tattoo,,29193.png
Omisha Mann,10,Male,30-06-2015,9.16E+11,school,Wearing green clothes,,37286.png
Nidhi Bail,9,Female,15-05-2016,9.17E+11,market,Medical condition: diabetic,,22735.png
Onveer Sharma,28,Male,23-10-1997,9.18E+11,school,Wearing green clothes,,26727.png
Gaurang Sarkar,61,Female,26-10-1964,9.16E+11,park,Wearing white clothes,,01161.png
Yagnesh Sarin,5,Female,10-11-2020,9.17E+11,station,Has a scarred tattoo,,38348.png
Farhan Randhawa,9,Male,03-11-2016,9.18E+11,market,Wearing red clothes,,06275.png
Harinakshi Kant,35,Female,21-02-1990,9.17E+11,station,Wearing black clothes,,53989.png
Om Bose,24,Female,08-04-2001,9.17E+11,bus stop,Wearing green clothes,,23571.png
Yashvi Hari,67,Male,18-06-1958,9.17E+11,school,Medical condition: none,,37270.png
Indali Divan,51,Female,08-03-1974,9.18E+11,bus stop,Medical condition: none,,28197.png
Harshil Dhingra,61,Female,21-08-1964,9.18E+11,park,Carrying a umbrella,,50066.png
Rudra Ghose,61,Male,12-03-1964,9.19E+11,school,Medical condition: diabetic,,04943.png
Faqid Goel,18,Female,11-12-2007,9.19E+11,station,Medical condition: asthmatic,,30561.png
Ucchal Sen,15,Female,27-07-2010,9.20E+11,bus stop,Carrying a phone,,08050.png
Diya Dora,29,Male,19-04-1996,9.18E+11,park,Medical condition: none,,49304.png
Ekansh Singh,29,Female,11-12-1996,9.17E+11,market,Has a large tattoo,,35030.png
Chavvi Maharaj,79,Male,27-09-1946,9.19E+11,park,Carrying a umbrella,,02195.png
Indira Tripathi,6,Female,03-09-2019,9.19E+11,bus stop,Wearing green clothes,,20320.png
Dayita Shenoy,73,Male,27-05-1952,9.18E+11,market,Medical condition: allergic,,39307.png
Baljiwan Bhandari,79,Female,26-07-1946,9.18E+11,station,Medical condition: none,,40852.png
Bhavini Bose,23,Female,19-03-2002,9.19E+11,park,Medical condition: none,,22243.png
Yashica Rajagopalan,21,Female,10-03-2004,9.19E+11,bus stop,Has a unique tattoo,,29663.png
Benjamin Sengupta,19,Male,28-07-2006,9.17E+11,bus stop,Medical condition: none,,18213.png
Ekanta Soni,7,Female,06-06-2018,9.19E+11,market,Medical condition: none,,53942.png
David Seshadri,57,Male,21-07-1968,9.20E+11,station,Wearing red clothes,,49649.png
Hemal Chad,17,Female,04-08-2008,9.20E+11,bus stop,Carrying a bag,,12354.png
Balveer Kota,16,Male,27-12-2009,9.19E+11,station,Has a small tattoo,,05415.png
Reva Viswanathan,9,Male,03-10-2016,9.16E+11,park,Has a unique tattoo,,19284.png
Januja Pradhan,8,Male,12-10-2017,9.19E+11,park,Medical condition: asthmatic,,11405.png
Lila Rege,8,Male,28-09-2017,9.19E+11,school,Carrying a bag,,25190.png
Charles Natt,76,Male,28-04-1949,9.20E+11,bus stop,Medical condition: diabetic,,45475.png
Forum Chandra,24,Male,30-12-2001,9.19E+11,bus stop,Carrying a phone,,28770.png
Bhanumati Krishnan,17,Male,03-01-2008,9.18E+11,bus stop,Medical condition: diabetic,,33323.png
Gauri Bumb,68,Female,29-11-1957,9.18E+11,bus stop,Has a unique tattoo,,25915.png
Inaya Mukherjee,39,Male,04-03-1986,9.17E+11,market,Wearing blue clothes,,39383.png
Kai Chad,61,Male,26-06-1964,9.19E+11,market,Medical condition: diabetic,,08413.png
Krisha Narasimhan,29,Female,24-06-1996,9.18E+11,school,Carrying a phone,,05946.png
Girik Sampath,70,Female,12-03-1955,9.19E+11,school,Wearing red clothes,,07217.png
Andrew Patil,55,Male,20-12-1970,9.19E+11,station,Wearing black clothes,,05135.png
Pranit Kala,57,Female,08-10-1968,9.16E+11,park,Medical condition: asthmatic,,14144.png
Vedika Handa,67,Male,23-01-1958,9.19E+11,bus stop,Wearing black clothes,,44414.png
Laksh Dubey,72,Male,27-02-1953,9.19E+11,bus stop,Medical condition: none,,33868.png
Chakrika Chaudhuri,10,Male,15-07-2015,9.20E+11,station,Wearing black clothes,,47997.png
Gayathri Deep,37,Male,24-03-1988,9.16E+11,bus stop,Wearing red clothes,,07475.png
Mitesh Gaba,74,Female,30-09-1951,9.19E+11,park,Carrying a bag,,30621.png
Noah Sarma,74,Male,12-01-1951,9.17E+11,station,Wearing white clothes,,29280.png
Nirja Patla,80,Female,20-07-1945,9.17E+11,market,Carrying a bag,,35034.png
Sachi Mane,11,Female,03-06-2014,9.18E+11,market,Has a scarred tattoo,,39830.png
Vivaan Walla,53,Male,27-01-1972,9.19E+11,market,Wearing black clothes,,40712.png
Dayamai Singh,59,Female,22-02-1966,9.20E+11,bus stop,Medical condition: none,,12632.png
Jhalak Sastry,41,Female,18-12-1984,9.19E+11,park,Wearing white clothes,,41745.png
Baghyawati Raja,65,Male,23-07-1960,9.17E+11,school,Medical condition: asthmatic,,32936.png
Neel Iyengar,78,Male,09-03-1947,9.18E+11,school,Has a large tattoo,,20378.png
Zashil Ben,20,Male,22-01-2005,9.16E+11,station,Wearing black clothes,,07384.png
Kamya Chauhan,53,Female,01-12-1972,9.18E+11,school,Medical condition: diabetic,,11400.png
Bhavani Chacko,9,Male,18-01-2016,9.19E+11,station,Medical condition: allergic,,22035.png
Anjali Sengupta,12,Female,26-06-2013,9.17E+11,school,Carrying a phone,,48267.png
Rajeshri Chand,67,Female,27-04-1958,9.18E+11,bus stop,Wearing blue clothes,,37419.png
Shravya Palla,58,Female,02-05-1967,9.18E+11,market,Medical condition: none,,12328.png
Oeshi Bera,21,Female,05-05-2004,9.18E+11,park,Has a small tattoo,,11997.png
Yadavi Prakash,64,Female,29-03-1961,9.20E+11,market,Has a small tattoo,,31473.png
Libni Bumb,30,Male,27-05-1995,9.19E+11,school,Carrying a phone,,19184.png
Udarsh Bala,20,Female,19-04-2005,9.16E+11,school,Has a small tattoo,,45413.png
Hardik Nayak,38,Male,27-09-1987,9.16E+11,park,Carrying a phone,,16565.png
Laksh Barad,6,Male,02-04-2019,9.18E+11,market,Has a scarred tattoo,,07886.png
Urmi Dewan,80,Male,27-02-1945,9.16E+11,market,Has a large tattoo,,35277.png
Saumya Ahluwalia,39,Female,10-07-1986,9.16E+11,school,Wearing black clothes,,22314.png
Anirudh Kunda,63,Male,03-06-1962,9.19E+11,bus stop,Has a small tattoo,,00125.png
Mason Wable,42,Male,27-05-1983,9.17E+11,school,Has a scarred tattoo,,13173.png
Indrajit Mani,33,Male,14-05-1992,9.18E+11,park,Has a scarred tattoo,,46160.png
Charvi Dara,19,Male,11-01-2006,9.19E+11,park,Medical condition: none,,44181.png
William Saini,10,Male,28-03-2015,9.19E+11,station,Carrying a phone,,03135.png
Dev Choudhry,44,Male,26-04-1981,9.16E+11,park,Medical condition: asthmatic,,44962.png
Amol Varma,66,Female,24-07-1959,9.19E+11,bus stop,Medical condition: allergic,,13941.png
Maanas Manne,23,Male,03-05-2002,9.17E+11,station,Carrying a bag,,41373.png
Aarav Pandit,49,Male,24-03-1976,9.20E+11,station,Wearing red clothes,,19264.png
Omaja Grover,16,Male,15-04-2009,9.19E+11,station,Medical condition: none,,27851.png
Jalsa Bir,12,Female,15-08-2013,9.16E+11,bus stop,Has a large tattoo,,16028.png
Madhavi Singhal,65,Male,09-02-1960,9.18E+11,station,Has a large tattoo,,07573.png
Lila Prakash,46,Female,29-03-1979,9.18E+11,school,Wearing blue clothes,,52208.png
Amol Parikh,77,Male,25-04-1948,9.16E+11,school,Has a scarred tattoo,,22166.png
Hemani Khosla,79,Female,29-06-1946,9.18E+11,park,Wearing white clothes,,08942.png
Gaurangi Deol,56,Male,01-09-1969,9.19E+11,station,Wearing white clothes,,37617.png
Indira Nigam,50,Male,28-10-1975,9.17E+11,park,Has a large tattoo,,33472.png
Ucchal Srinivas,38,Male,15-02-1987,9.18E+11,market,Medical condition: diabetic,,34039.png
Krishna Bhatnagar,7,Female,19-01-2018,9.17E+11,school,Medical condition: allergic,,33646.png
Balhaar Memon,18,Female,11-11-2007,9.19E+11,park,Carrying a wallet,,51483.png
Caleb Iyengar,75,Male,04-11-1950,9.20E+11,market,Has a small tattoo,,43771.png
Diya Mukherjee,67,Male,28-08-1958,9.16E+11,bus stop,Wearing red clothes,,24490.png
Urvashi Kulkarni,44,Female,01-02-1981,9.19E+11,bus stop,Wearing blue clothes,,32375.png
Rayaan Mangal,23,Female,08-10-2002,9.18E+11,station,Medical condition: asthmatic,,46485.png
Champak Narula,14,Male,21-09-2011,9.17E+11,school,Carrying a wallet,,26676.png
Jeet Pillai,55,Male,10-09-1970,9.18E+11,market,Medical condition: diabetic,,35443.png
Mugdha Sarraf,66,Female,11-09-1959,9.18E+11,school,Carrying a wallet,,14828.png
Harinakshi Grover,35,Male,10-05-1990,9.19E+11,station,Medical condition: allergic,,05463.png
Widisha Pillai,33,Male,20-05-1992,9.18E+11,market,Wearing green clothes,,33535.png
Fitan Samra,47,Female,16-01-1978,9.18E+11,bus stop,Carrying a umbrella,,13282.png
Qushi Gole,60,Male,29-12-1965,9.18E+11,station,Medical condition: none,,40655.png
Ekani Chauhan,80,Male,21-09-1945,9.19E+11,park,Carrying a umbrella,,05094.png
Falak Merchant,37,Female,23-12-1988,9.19E+11,school,Carrying a bag,,47078.png
Sanaya Sandhu,9,Female,25-05-2016,9.20E+11,school,Medical condition: asthmatic,,07528.png
Sachi Panchal,23,Female,15-06-2002,9.19E+11,park,Wearing blue clothes,,47359.png
Brijesh Pandit,70,Female,14-05-1955,9.20E+11,station,Wearing blue clothes,,33824.png
Anvi Bhandari,57,Female,21-11-1968,9.18E+11,school,Medical condition: none,,17944.png
Nidra Patla,40,Female,14-10-1985,9.16E+11,park,Has a unique tattoo,,06597.png
Azaan Dhar,22,Male,31-10-2003,9.17E+11,school,Medical condition: asthmatic,,39204.png
Bakhshi Date,29,Female,08-11-1996,9.19E+11,station,Wearing green clothes,,44504.png
Warinder Peri,12,Female,26-05-2013,9.17E+11,bus stop,Has a small tattoo,,06487.png
Leela Bali,19,Female,14-11-2006,9.16E+11,station,Has a large tattoo,,05188.png
Shivani Prabhakar,43,Female,25-12-1982,9.18E+11,station,Medical condition: allergic,,51872.png
Sachi Bose,15,Male,09-07-2010,9.16E+11,station,Has a small tattoo,,20278.png
Jeevika Rao,34,Male,22-06-1991,9.18E+11,bus stop,Medical condition: diabetic,,01822.png
Arya Krish,28,Male,22-12-1997,9.17E+11,market,Has a unique tattoo,,05855.png
Atharv Grewal,80,Female,01-07-1945,9.18E+11,park,Has a large tattoo,,36080.png
Zarna Ram,68,Female,14-02-1957,9.18E+11,bus stop,Has a large tattoo,,33541.png
Adweta Lad,77,Female,19-07-1948,9.18E+11,bus stop,Has a small tattoo,,27780.png
Tanish Mangal,11,Male,05-08-2014,9.18E+11,park,Carrying a wallet,,32251.png
Ryan Das,31,Male,31-08-1994,9.16E+11,park,Carrying a wallet,,04012.png
Ethan Seth,35,Female,18-11-1990,9.20E+11,station,Medical condition: none,,14422.png
Sai Chahal,60,Male,06-01-1965,9.19E+11,park,Has a unique tattoo,,12413.png
Idika Bhattacharyya,25,Female,17-07-2000,9.19E+11,station,Carrying a phone,,13466.png
Charita Dugar,70,Male,13-02-1955,9.16E+11,station,Carrying a wallet,,44439.png
Janaki Trivedi,78,Male,20-12-1947,9.18E+11,bus stop,Wearing black clothes,,33469.png
Jairaj Iyer,6,Female,07-07-2019,9.18E+11,bus stop,Medical condition: diabetic,,18177.png
Warjas Tak,76,Male,21-02-1949,9.20E+11,market,Medical condition: asthmatic,,34932.png
Jalsa Pillay,58,Female,29-09-1967,9.19E+11,school,Carrying a phone,,22051.png
Kai Chadha,67,Female,15-03-1958,9.18E+11,park,Medical condition: asthmatic,,44362.png
Dayamai Rao,33,Male,02-10-1992,9.17E+11,school,Carrying a wallet,,25704.png
Nirja Rout,69,Female,06-11-1956,9.19E+11,station,Medical condition: allergic,,17321.png
Jeremiah Nadig,35,Male,24-06-1990,9.18E+11,park,Wearing red clothes,,25411.png
Shivani Shukla,32,Female,20-09-1993,9.19E+11,station,Medical condition: diabetic,,51032.png
Kabir Gopal,53,Male,04-10-1972,9.19E+11,park,Has a large tattoo,,07589.png
Rachita Thakkar,9,Female,31-07-2016,9.19E+11,market,Medical condition: allergic,,02323.png
Jeet Vasa,37,Female,29-03-1988,9.19E+11,station,Has a large tattoo,,39937.png
Daksha Gala,59,Male,28-08-1966,9.20E+11,park,Medical condition: asthmatic,,27778.png
Ekantika Kar,35,Male,05-04-1990,9.20E+11,station,Has a unique tattoo,,06884.png
Zilmil Mander,7,Female,02-11-2018,9.17E+11,school,Wearing black clothes,,46493.png
Zashil Hegde,73,Male,29-12-1952,9.19E+11,station,Carrying a phone,,32822.png
Jeremiah Mitter,20,Male,06-11-2005,9.20E+11,park,Wearing red clothes,,41931.png
Yadavi Ganguly,59,Female,19-03-1966,9.17E+11,station,Wearing blue clothes,,24854.png
Onveer Nazareth,11,Female,26-06-2014,9.17E+11,school,Medical condition: asthmatic,,33007.png
Ayush Bumb,23,Male,01-04-2002,9.16E+11,bus stop,Wearing white clothes,,18467.png
Alka Kade,51,Female,17-08-1974,9.17E+11,park,Medical condition: diabetic,,37441.png
Azaan Tank,27,Male,28-06-1998,9.18E+11,bus stop,Medical condition: diabetic,,49853.png
Chasmum Subramanian,24,Female,31-01-2001,9.20E+11,school,Carrying a phone,,35934.png
Nidra Mishra,12,Female,07-08-2013,9.20E+11,bus stop,Has a small tattoo,,52382.png
Elijah Bhasin,51,Male,10-05-1974,9.18E+11,bus stop,Medical condition: diabetic,,39761.png
Ria Sagar,50,Male,13-09-1975,9.19E+11,school,Wearing blue clothes,,08597.png
Ucchal Jani,42,Female,07-01-1983,9.18E+11,market,Has a scarred tattoo,,04571.png
Maanas Munshi,43,Female,06-02-1982,9.16E+11,station,Has a unique tattoo,,06801.png
Hemani Rastogi,29,Female,04-03-1996,9.18E+11,school,Has a large tattoo,,19620.png
Kamala Varma,23,Male,19-04-2002,9.19E+11,school,Wearing black clothes,,46539.png
Eiravati Khurana,33,Female,27-02-1992,9.20E+11,bus stop,Medical condition: none,,13322.png
Jason Loke,35,Female,18-12-1990,9.19E+11,park,Medical condition: allergic,,47786.png
Yug Dhaliwal,21,Male,20-04-2004,9.17E+11,market,Carrying a bag,,33968.png
Chandresh Mannan,32,Female,20-05-1993,9.20E+11,station,Wearing red clothes,,12427.png
Omya Kothari,43,Male,18-04-1982,9.18E+11,market,Has a large tattoo,,30514.png
Falak Munshi,32,Female,26-11-1993,9.18E+11,market,Has a scarred tattoo,,05165.png
Nathaniel Tara,25,Male,17-11-2000,9.18E+11,park,Has a small tattoo,,29837.png
Wishi Morar,35,Male,24-10-1990,9.17E+11,station,Carrying a umbrella,,41426.png
Arin Chana,50,Male,11-03-1975,9.16E+11,park,Medical condition: none,,20794.png
Yashasvi Shankar,5,Female,05-08-2020,9.20E+11,bus stop,Carrying a phone,,14937.png
Tanveer Pandit,38,Female,05-07-1987,9.16E+11,market,Has a scarred tattoo,,48428.png
Chandresh Manda,41,Male,21-10-1984,9.19E+11,park,Medical condition: allergic,,42562.png
Upma Mangal,78,Female,30-05-1947,9.17E+11,station,Wearing red clothes,,23553.png
Hritik Sankar,20,Male,19-03-2005,9.17E+11,school,Has a small tattoo,,51878.png
Aishani Pau,7,Male,01-06-2018,9.18E+11,school,Has a scarred tattoo,,25291.png
Jasmit Bath,60,Male,30-08-1965,9.20E+11,school,Medical condition: allergic,,29358.png
Charan Hayer,72,Female,08-09-1953,9.16E+11,school,Wearing red clothes,,50903.png
Bhavya Borah,22,Female,13-07-2003,9.18E+11,school,Wearing blue clothes,,15100.png
Yamini Seshadri,18,Male,27-08-2007,9.20E+11,market,Medical condition: none,,47641.png
Jagat Dave,58,Male,16-08-1967,9.17E+11,school,Has a large tattoo,,40422.png
Meera Prakash,59,Male,06-04-1966,9.17E+11,market,Carrying a bag,,01497.png
Jasmit Dhawan,76,Male,11-02-1949,9.18E+11,market,Medical condition: allergic,,26563.png
Yashodhara Ratti,78,Female,30-08-1947,9.19E+11,school,Wearing white clothes,,34213.png
Chakradev Barad,34,Male,16-06-1991,9.17E+11,school,Carrying a phone,,36830.png
Gauri Som,58,Male,06-03-1967,9.16E+11,school,Carrying a phone,,35093.png
Manthan Varma,69,Male,11-05-1956,9.19E+11,bus stop,Wearing black clothes,,45968.png
Falak Nagar,6,Male,05-09-2019,9.18E+11,station,Wearing red clothes,,35566.png
Maya Mistry,16,Male,10-03-2009,9.20E+11,market,Has a scarred tattoo,,29850.png
Yashica Upadhyay,13,Female,19-09-2012,9.20E+11,bus stop,Carrying a phone,,36701.png
Chandani Soman,54,Female,10-04-1971,9.18E+11,market,Medical condition: asthmatic,,48030.png
Jyoti Narula,32,Female,16-05-1993,9.18E+11,market,Wearing black clothes,,42330.png
Omaja Morar,23,Male,02-07-2002,9.17E+11,bus stop,Wearing red clothes,,27532.png
Urvi Lanka,33,Male,28-03-1992,9.17E+11,school,Wearing blue clothes,,51427.png
Charan Srinivasan,36,Female,22-07-1989,9.20E+11,school,Carrying a bag,,19651.png
Lajita Divan,58,Female,19-04-1967,9.18E+11,station,Has a unique tattoo,,25685.png
Azad Choudhary,23,Male,16-08-2002,9.20E+11,market,Carrying a phone,,49228.png
Anirudh Sastry,67,Male,17-06-1958,9.18E+11,school,Medical condition: asthmatic,,20691.png
Omya Doshi,45,Female,16-05-1980,9.18E+11,market,Carrying a bag,,34329.png
Samar Roy,56,Male,18-02-1969,9.18E+11,school,Medical condition: diabetic,,14673.png
David Devi,42,Male,06-09-1983,9.17E+11,market,Carrying a wallet,,50977.png
Ekta Sridhar,31,Female,22-08-1994,9.19E+11,park,Medical condition: allergic,,21261.png
Dipta Ghose,31,Male,10-06-1994,9.16E+11,market,Carrying a phone,,39604.png
Hema Pandya,43,Female,20-12-1982,9.17E+11,school,Wearing green clothes,,28049.png
Veda Handa,17,Female,07-05-2008,9.17E+11,bus stop,Wearing black clothes,,40672.png
Arya Misra,5,Female,26-11-2020,9.19E+11,market,Carrying a wallet,,41613.png
Chameli Mani,80,Female,05-06-1945,9.17E+11,park,Medical condition: allergic,,39620.png
Vrinda Nadig,46,Male,02-01-1979,9.19E+11,school,Has a small tattoo,,42633.png
Ikshita Mahal,59,Female,19-06-1966,9.18E+11,school,Medical condition: diabetic,,38193.png
Jairaj Raghavan,10,Male,29-07-2015,9.18E+11,school,Wearing white clothes,,24787.png
Hemani Dhingra,36,Female,08-09-1989,9.19E+11,station,Wearing white clothes,,17368.png
Brijesh Mani,65,Male,29-06-1960,9.18E+11,park,Medical condition: none,,05660.png
Hiral Sathe,34,Male,25-12-1991,9.20E+11,park,Has a scarred tattoo,,23525.png
Varenya Kala,40,Female,03-11-1985,9.18E+11,school,Medical condition: allergic,,42452.png
Anika Magar,38,Female,03-02-1987,9.17E+11,park,Carrying a bag,,41301.png
Ikbal Khatri,76,Male,09-07-1949,9.17E+11,school,Wearing white clothes,,36961.png
Chandresh Wali,8,Female,02-08-2017,9.19E+11,park,Carrying a wallet,,40785.png
Viraj Ben,16,Male,27-06-2009,9.18E+11,market,Medical condition: asthmatic,,16918.png
Odika Narayanan,63,Male,17-11-1962,9.18E+11,bus stop,Medical condition: diabetic,,41900.png
Harish Devan,22,Male,01-01-2003,9.18E+11,station,Carrying a bag,,24810.png
Nakul Ray,44,Male,28-07-1981,9.17E+11,market,Carrying a bag,,50264.png
Vansha Iyengar,28,Male,29-03-1997,9.18E+11,bus stop,Wearing green clothes,,19831.png
Ekani Mangal,21,Male,20-06-2004,9.20E+11,school,Has a unique tattoo,,27722.png
Gaurav Kata,22,Male,01-07-2003,9.18E+11,school,Carrying a bag,,45895.png
Parth Sahni,42,Female,08-10-1983,9.19E+11,station,Carrying a bag,,04591.png
Balhaar Ranganathan,73,Male,19-10-1952,9.19E+11,station,Wearing green clothes,,33930.png
Quincy Mann,10,Female,08-06-2015,9.18E+11,park,Has a scarred tattoo,,37874.png
Aditya Misra,74,Male,01-09-1951,9.19E+11,bus stop,Wearing red clothes,,48800.png
Gautami Mane,57,Female,29-05-1968,9.18E+11,market,Carrying a phone,,27809.png
Wakeeta Desai,46,Male,13-12-1979,9.19E+11,station,Carrying a wallet,,26842.png
Anjali Hans,55,Female,02-07-1970,9.18E+11,bus stop,Has a small tattoo,,16517.png
Ganga Gaba,20,Female,17-07-2005,9.16E+11,school,Wearing red clothes,,21085.png
Aarini Grewal,74,Female,25-10-1951,9.20E+11,market,Carrying a bag,,02744.png
Geetika Merchant,75,Male,03-08-1950,9.18E+11,market,Wearing black clothes,,44652.png
Parth Ravi,51,Male,13-12-1974,9.17E+11,station,Carrying a phone,,23010.png
Yutika Narang,70,Male,17-03-1955,9.20E+11,park,Has a scarred tattoo,,05185.png
Nandini Chandran,14,Male,10-02-2011,9.19E+11,school,Has a small tattoo,,29772.png
Logan Sood,65,Male,31-08-1960,9.17E+11,market,Wearing green clothes,,18357.png
Yuvraj Ahuja,64,Female,04-12-1961,9.17E+11,bus stop,Has a small tattoo,,21185.png
Leela Keer,66,Male,11-05-1959,9.16E+11,park,Has a unique tattoo,,17281.png
Amara Narayan,7,Male,22-12-2018,9.18E+11,park,Wearing white clothes,,33690.png
Advay Lal,77,Male,22-08-1948,9.19E+11,school,Has a small tattoo,,38418.png
Warinder Bhatia,15,Female,26-04-2010,9.17E+11,station,Carrying a phone,,06144.png
Udyati Mohanty,6,Female,19-06-2019,9.19E+11,station,Wearing green clothes,,34217.png
Nidra Thakkar,21,Female,24-04-2004,9.16E+11,school,Wearing black clothes,,25467.png
Jacob Merchant,75,Male,15-05-1950,9.18E+11,station,Medical condition: allergic,,12070.png
Timothy Kanda,72,Female,31-05-1953,9.17E+11,market,Wearing green clothes,,42426.png
Vanya Dua,59,Male,07-04-1966,9.18E+11,bus stop,Wearing black clothes,,13172.png
Kashvi Sagar,49,Male,02-09-1976,9.18E+11,park,Has a unique tattoo,,24197.png
Tejas Kota,74,Female,24-09-1951,9.20E+11,park,Wearing black clothes,,53870.png
Sanya Wable,16,Male,31-12-2009,9.17E+11,school,Wearing blue clothes,,05506.png
Faras Choudhury,42,Male,27-07-1983,9.16E+11,station,Wearing white clothes,,35535.png
Yashasvi Jain,77,Female,13-10-1948,9.19E+11,school,Carrying a wallet,,21828.png
Nitesh Narang,48,Female,18-11-1977,9.19E+11,bus stop,Carrying a wallet,,46344.png
Jackson Jha,16,Female,12-03-2009,9.18E+11,bus stop,Medical condition: none,,47933.png
Gavin Uppal,23,Female,18-02-2002,9.17E+11,school,Wearing black clothes,,18225.png
Christopher Setty,43,Female,08-07-1982,9.17E+11,park,Has a scarred tattoo,,30065.png
Yochana Sagar,63,Female,20-04-1962,9.20E+11,bus stop,Carrying a bag,,31733.png
Dalbir Shere,9,Female,15-03-2016,9.17E+11,market,Wearing red clothes,,17829.png
Anthony Randhawa,50,Female,26-08-1975,9.17E+11,bus stop,Has a small tattoo,,13116.png
Aarush Kamdar,52,Male,23-11-1973,9.19E+11,school,Carrying a bag,,46896.png
Chakradev Sampath,54,Female,29-06-1971,9.17E+11,park,Has a large tattoo,,06279.png
Devansh Bhasin,63,Male,06-09-1962,9.17E+11,market,Has a scarred tattoo,,29536.png
Urmi Balay,28,Female,01-03-1997,9.17E+11,park,Has a unique tattoo,,36235.png
Nilima Gole,55,Male,07-03-1970,9.18E+11,bus stop,Medical condition: allergic,,16934.png
Osha Prasad,6,Female,22-07-2019,9.18E+11,park,Medical condition: none,,07538.png
Saumya Purohit,40,Male,15-03-1985,9.17E+11,school,Wearing green clothes,,19766.png
Faris Zacharia,38,Male,09-10-1987,9.19E+11,station,Has a large tattoo,,19992.png
Ijaya Dani,19,Male,14-10-2006,9.20E+11,park,Wearing green clothes,,23252.png
Maya Wadhwa,29,Female,08-01-1996,9.16E+11,school,Carrying a phone,,03212.png
Udant Aggarwal,42,Male,24-02-1983,9.16E+11,bus stop,Has a unique tattoo,,33232.png
Chanchal Sheth,6,Male,28-02-2019,9.18E+11,park,Medical condition: none,,46779.png
Ladli Karpe,40,Female,09-06-1985,9.18E+11,station,Has a unique tattoo,,32334.png
Triveni Pal,42,Male,08-11-1983,9.18E+11,bus stop,Wearing white clothes,,00554.png
Anya Gulati,22,Female,17-02-2003,9.20E+11,station,Medical condition: asthmatic,,20099.png
Azad Saini,30,Male,27-04-1995,9.19E+11,bus stop,Medical condition: asthmatic,,41324.png
Wridesh Jhaveri,22,Male,14-01-2003,9.16E+11,bus stop,Wearing green clothes,,08747.png
Harrison Bandi,75,Female,20-12-1950,9.16E+11,market,Medical condition: diabetic,,17555.png
Chanakya Konda,65,Male,19-01-1960,9.18E+11,bus stop,Has a scarred tattoo,,18775.png
Neelima Sarna,70,Male,21-10-1955,9.17E+11,park,Carrying a wallet,,43359.png
Teerth Bhalla,77,Female,23-08-1948,9.18E+11,market,Medical condition: diabetic,,22521.png
Yahvi Mann,57,Female,19-05-1968,9.16E+11,park,Medical condition: diabetic,,44559.png
Eiravati Nagi,5,Female,29-12-2020,9.18E+11,bus stop,Medical condition: allergic,,23959.png
Chasmum Dhar,69,Male,04-08-1956,9.19E+11,park,Carrying a phone,,13454.png
Odika Mital,10,Female,22-01-2015,9.19E+11,school,Has a large tattoo,,49395.png
Darsh Gill,11,Female,22-02-2014,9.20E+11,school,Carrying a umbrella,,25201.png
Warhi Batta,28,Female,28-08-1997,9.20E+11,school,Wearing red clothes,,21651.png
Lakshmi Vohra,18,Male,22-09-2007,9.17E+11,school,Carrying a umbrella,,47868.png
Omaja Rege,35,Male,13-10-1990,9.20E+11,park,Has a small tattoo,,14923.png
Charita Puri,57,Female,18-11-1968,9.18E+11,bus stop,Medical condition: asthmatic,,28650.png
Urvashi Khosla,80,Male,25-08-1945,9.20E+11,school,Carrying a bag,,17100.png
Charita Dhawan,33,Male,25-11-1992,9.20E+11,station,Medical condition: none,,19466.png
Dalbir Sachar,13,Female,05-04-2012,9.20E+11,park,Medical condition: diabetic,,20968.png
Krish Rama,71,Female,10-06-1954,9.18E+11,bus stop,Carrying a phone,,33010.png
Aadhya Jani,73,Male,08-08-1952,9.17E+11,market,Medical condition: diabetic,,48499.png
Farhan Sengupta,28,Female,06-02-1997,9.19E+11,school,Carrying a umbrella,,21756.png
George Wason,73,Male,16-06-1952,9.19E+11,market,Medical condition: allergic,,11555.png
Charan Loyal,29,Female,25-07-1996,9.19E+11,bus stop,Has a scarred tattoo,,20675.png
Balveer Bora,62,Female,12-09-1963,9.19E+11,bus stop,Wearing white clothes,,03913.png
Teerth Srinivas,16,Male,09-08-2009,9.18E+11,school,Medical condition: allergic,,37276.png
Gaurangi Mitter,14,Male,22-11-2011,9.19E+11,park,Has a scarred tattoo,,47659.png
Siddharth Gupta,59,Male,20-03-1966,9.16E+11,school,Has a scarred tattoo,,35613.png
Varenya Kibe,28,Female,09-10-1997,9.19E+11,school,Wearing blue clothes,,16206.png
Mekhala Khatri,69,Female,23-01-1956,9.18E+11,school,Has a large tattoo,,52194.png
Barkha Rai,10,Female,09-05-2015,9.18E+11,park,Medical condition: diabetic,,06029.png
Jagrati Morar,17,Female,09-04-2008,9.19E+11,bus stop,Wearing blue clothes,,22425.png
Jagvi Varghese,69,Female,29-12-1956,9.20E+11,school,Has a unique tattoo,,15148.png
Unnati Chaudhari,47,Male,20-06-1978,9.18E+11,bus stop,Carrying a bag,,53153.png
Ekaja Jani,64,Female,12-06-1961,9.18E+11,market,Carrying a phone,,50425.png
Dhriti Sachdev,66,Female,08-01-1959,9.17E+11,bus stop,Carrying a bag,,17204.png
Timothy Dhingra,55,Female,27-07-1970,9.18E+11,park,Has a small tattoo,,26993.png
Advika Sahni,35,Female,01-11-1990,9.17E+11,market,Has a large tattoo,,28529.png
Michael Hayre,56,Female,06-03-1969,9.17E+11,park,Has a large tattoo,,18511.png
Victor Raghavan,33,Male,20-03-1992,9.18E+11,market,Carrying a wallet,,15032.png
Xalak Nazareth,28,Female,11-01-1997,9.18E+11,market,Has a small tattoo,,04132.png
Vrinda Swaminathan,29,Female,15-11-1996,9.20E+11,market,Carrying a wallet,,20332.png
Om Pandey,64,Male,04-04-1961,9.16E+11,station,Carrying a wallet,,40696.png
Logan Suresh,64,Female,27-01-1961,9.17E+11,market,Carrying a bag,,44131.png
Daniel Viswanathan,24,Male,09-03-2001,9.17E+11,market,Medical condition: allergic,,45864.png
Falan Bava,41,Female,03-09-1984,9.19E+11,station,Wearing green clothes,,47614.png
Nitara Devan,70,Male,30-04-1955,9.18E+11,station,Has a scarred tattoo,,24551.png
Ekansh Dora,40,Male,08-05-1985,9.18E+11,market,Carrying a bag,,50955.png
Tejas Tiwari,44,Male,05-03-1981,9.17E+11,park,Wearing white clothes,,15413.png
Kashvi Bhasin,12,Male,08-11-2013,9.18E+11,park,Wearing blue clothes,,34578.png
Vinaya Babu,79,Male,24-05-1946,9.19E+11,market,Carrying a wallet,,47565.png
Nisha Arora,73,Male,07-07-1952,9.20E+11,park,Medical condition: diabetic,,21566.png
Anvi Wason,73,Male,16-01-1952,9.19E+11,station,Has a large tattoo,,25168.png
Anay Thakkar,31,Female,20-10-1994,9.18E+11,park,Has a large tattoo,,14727.png
Praneel Chhabra,29,Female,06-05-1996,9.19E+11,station,Carrying a umbrella,,47916.png
Manthan Khosla,9,Male,24-04-2016,9.18E+11,park,Has a small tattoo,,53106.png
Zayyan Pandya,47,Male,26-11-1978,9.18E+11,bus stop,Carrying a wallet,,23290.png
Mekhala Brar,64,Male,10-08-1961,9.17E+11,park,Has a large tattoo,,11238.png
Nidra Sharaf,36,Male,29-03-1989,9.16E+11,station,Carrying a phone,,50776.png
Upkaar Mital,68,Female,17-01-1957,9.18E+11,park,Has a small tattoo,,16871.png
Azad Chander,7,Female,12-11-2018,9.20E+11,park,Wearing white clothes,,41008.png
Ladli Purohit,24,Male,30-05-2001,9.18E+11,station,Wearing white clothes,,42310.png
Daksh Andra,40,Male,13-10-1985,9.20E+11,school,Wearing red clothes,,00873.png
Fitan Tata,20,Male,28-05-2005,9.17E+11,market,Wearing red clothes,,03045.png
Garima Chandran,48,Female,23-04-1977,9.17E+11,school,Carrying a umbrella,,53384.png
Victor Kakar,63,Female,16-10-1962,9.19E+11,school,Medical condition: diabetic,,29372.png
Anika Batra,16,Male,15-10-2009,9.18E+11,bus stop,Carrying a phone,,28726.png
Avni Bali,24,Male,26-08-2001,9.17E+11,market,Medical condition: diabetic,,25204.png
Divya Babu,69,Female,14-05-1956,9.16E+11,school,Has a large tattoo,,47278.png
Maanas Rao,71,Female,31-12-1954,9.17E+11,market,Medical condition: asthmatic,,39073.png
Chandani Gaba,7,Female,01-11-2018,9.20E+11,bus stop,Carrying a wallet,,14084.png
Lopa Zachariah,55,Female,12-08-1970,9.16E+11,school,Wearing blue clothes,,43914.png
Leena Dey,56,Female,29-10-1969,9.20E+11,market,Medical condition: none,,49614.png
Xiti Pal,8,Female,03-10-2017,9.16E+11,school,Carrying a bag,,41316.png
Guneet Sarkar,55,Male,16-06-1970,9.17E+11,market,Wearing black clothes,,11847.png
Faqid Oak,59,Male,05-02-1966,9.17E+11,market,Wearing white clothes,,46179.png
Eta Balan,67,Male,26-01-1958,9.19E+11,park,Carrying a umbrella,,34706.png
Shravya Swaminathan,68,Male,31-12-1957,9.16E+11,school,Carrying a umbrella,,33488.png
Ishani Prashad,16,Female,23-05-2009,9.17E+11,market,Wearing blue clothes,,28260.png
Quincy Rai,24,Male,11-07-2001,9.20E+11,station,Wearing green clothes,,44891.png
Chakrika Koshy,74,Male,30-01-1951,9.16E+11,bus stop,Wearing white clothes,,38106.png
Fitan Loyal,50,Male,09-09-1975,9.19E+11,school,Medical condition: none,,13231.png
Lajita Dube,18,Female,19-09-2007,9.19E+11,park,Medical condition: none,,25243.png
Edhitha Patel,67,Female,08-02-1958,9.19E+11,school,Has a scarred tattoo,,20196.png
Gavin Ahluwalia,9,Female,04-12-2016,9.18E+11,bus stop,Carrying a bag,,30794.png
Sai Parsa,9,Female,20-01-2016,9.17E+11,park,Medical condition: none,,27016.png
Harsh Deo,44,Female,31-08-1981,9.17E+11,station,Wearing green clothes,,27304.png
Rachit Sankar,24,Male,10-06-2001,9.20E+11,station,Has a large tattoo,,42250.png
Yauvani Reddy,17,Female,27-11-2008,9.18E+11,park,Has a unique tattoo,,05785.png
Atharv Chakraborty,78,Female,06-07-1947,9.17E+11,school,Wearing red clothes,,16518.png
Girik Nair,50,Female,24-05-1975,9.20E+11,school,Medical condition: allergic,,01571.png
Advik Manne,16,Female,22-12-2009,9.20E+11,school,Carrying a bag,,14324.png
Lipika Chad,50,Female,20-02-1975,9.16E+11,school,Medical condition: allergic,,17380.png
Omkaar Rai,60,Female,30-09-1965,9.20E+11,station,Wearing green clothes,,32909.png
Liam Luthra,59,Female,08-11-1966,9.20E+11,bus stop,Has a small tattoo,,36311.png
Amrita Tailor,53,Male,27-04-1972,9.19E+11,school,Has a small tattoo,,35159.png
Dev Ganesh,47,Male,19-11-1978,9.16E+11,bus stop,Has a large tattoo,,28685.png
Anya Sama,53,Female,05-06-1972,9.17E+11,park,Has a small tattoo,,33922.png
Veda Bose,52,Male,21-03-1973,9.17E+11,bus stop,Wearing red clothes,,48214.png
Zayan Koshy,25,Male,04-02-2000,9.19E+11,station,Has a scarred tattoo,,25356.png
Rohan Shankar,68,Male,30-05-1957,9.20E+11,school,Medical condition: diabetic,,03364.png
Krishna Modi,43,Male,01-11-1982,9.16E+11,bus stop,Wearing red clothes,,51614.png
Meghana Natarajan,5,Female,18-04-2020,9.17E+11,bus stop,Has a scarred tattoo,,30783.png
Forum Sarraf,77,Male,07-11-1948,9.19E+11,station,Has a large tattoo,,38711.png
Qushi Deshpande,30,Female,22-03-1995,9.16E+11,station,Medical condition: asthmatic,,38604.png
Ekani Iyer,66,Female,01-04-1959,9.18E+11,station,Carrying a umbrella,,29827.png
Dipta Goel,60,Male,21-03-1965,9.16E+11,station,Carrying a phone,,25247.png
Eiravati Manne,7,Female,10-05-2018,9.16E+11,station,Has a large tattoo,,41064.png
Xavier Nanda,28,Female,06-04-1997,9.17E+11,school,Wearing green clothes,,04358.png
Avni Ramaswamy,54,Female,26-11-1971,9.18E+11,park,Medical condition: allergic,,53400.png
Ishaan Iyengar,70,Male,30-08-1955,9.19E+11,park,Medical condition: diabetic,,15908.png
Avi Shenoy,19,Female,02-10-2006,9.18E+11,bus stop,Medical condition: diabetic,,40110.png
Raksha Manne,44,Male,17-09-1981,9.19E+11,bus stop,Carrying a wallet,,07525.png
Nilima Tata,41,Male,05-11-1984,9.19E+11,market,Has a scarred tattoo,,36114.png
Chavvi Khurana,8,Female,14-02-2017,9.19E+11,park,Carrying a wallet,,28124.png
Mitesh Sampath,31,Male,12-04-1994,9.18E+11,park,Medical condition: diabetic,,26996.png
Ethan Sen,28,Male,14-05-1997,9.20E+11,school,Has a scarred tattoo,,07928.png
Nandini Warrior,63,Male,04-04-1962,9.17E+11,market,Wearing blue clothes,,28549.png
Balhaar Parsa,8,Male,22-12-2017,9.18E+11,park,Medical condition: asthmatic,,20747.png
Ikbal Kothari,26,Female,31-10-1999,9.19E+11,bus stop,Wearing white clothes,,25604.png
Ojas Basu,54,Male,09-10-1971,9.18E+11,market,Medical condition: diabetic,,31942.png
Garima Sani,78,Male,12-08-1947,9.16E+11,market,Has a small tattoo,,07456.png
Advaith Chaudhari,7,Female,02-03-2018,9.17E+11,bus stop,Wearing red clothes,,06555.png
Tristan Uppal,70,Female,29-01-1955,9.19E+11,bus stop,Medical condition: asthmatic,,05623.png
Sanaya Prasad,14,Male,11-05-2011,9.17E+11,station,Has a large tattoo,,37733.png
Ubika Tella,19,Male,06-08-2006,9.17E+11,market,Medical condition: asthmatic,,07674.png
Hemani Bakshi,78,Male,01-03-1947,9.17E+11,park,Carrying a umbrella,,33061.png
Henry Merchant,12,Male,21-01-2013,9.18E+11,market,Carrying a umbrella,,33655.png
Frederick D’Alia,8,Male,14-02-2017,9.17E+11,school,Wearing red clothes,,31260.png
Ijaya Muni,45,Female,31-01-1980,9.17E+11,station,Medical condition: asthmatic,,29128.png
Tamanna Jhaveri,14,Female,04-03-2011,9.20E+11,market,Carrying a wallet,,50833.png
Ijaya Soni,51,Female,11-04-1974,9.17E+11,school,Carrying a phone,,28376.png
Raksha Sethi,10,Female,26-09-2015,9.20E+11,school,Wearing green clothes,,14359.png
Ekalinga Mital,43,Female,02-10-1982,9.20E+11,park,Carrying a umbrella,,33214.png
Ishwar Bajaj,23,Female,20-08-2002,9.17E+11,park,Wearing red clothes,,47621.png
Ikbal Gala,46,Female,29-05-1979,9.16E+11,market,Medical condition: allergic,,04550.png
Zaitra Ghosh,63,Female,13-12-1962,9.17E+11,school,Wearing white clothes,,16666.png
Ganga Sandhu,25,Female,13-02-2000,9.18E+11,bus stop,Has a small tattoo,,04487.png
Vincent Ravel,13,Female,17-10-2012,9.16E+11,school,Has a scarred tattoo,,21022.png
Quincy Sankaran,37,Female,12-05-1988,9.19E+11,market,Medical condition: allergic,,02134.png
Ayush Hora,59,Male,04-02-1966,9.16E+11,bus stop,Wearing green clothes,,14171.png
Pushti Ramachandran,22,Male,16-05-2003,9.17E+11,market,Wearing white clothes,,08875.png
Tanish Jha,40,Female,04-06-1985,9.19E+11,market,Wearing blue clothes,,08604.png
Dev Chaudry,18,Male,19-04-2007,9.18E+11,station,Carrying a wallet,,27497.png
Jasmit Nanda,37,Female,23-02-1988,9.16E+11,park,Wearing blue clothes,,29071.png
Tanvi Comar,61,Female,07-08-1964,9.18E+11,bus stop,Carrying a umbrella,,13516.png
Vrishti Wable,71,Male,02-09-1954,9.20E+11,park,Has a scarred tattoo,,23834.png
Lipika Ramanathan,6,Female,04-01-2019,9.19E+11,bus stop,Has a scarred tattoo,,34051.png
Ijaya Pandey,69,Male,31-05-1956,9.20E+11,market,Has a scarred tattoo,,06570.png
Orinder Mishra,9,Male,17-05-2016,9.19E+11,station,Has a scarred tattoo,,50432.png
Krish Munshi,6,Female,24-08-2019,9.18E+11,park,Has a unique tattoo,,22106.png
William Mody,35,Female,24-01-1990,9.17E+11,bus stop,Wearing black clothes,,46618.png
Qadim Prakash,32,Male,09-12-1993,9.19E+11,park,Carrying a wallet,,41936.png
Yasti Rama,63,Male,11-01-1962,9.19E+11,school,Carrying a umbrella,,41193.png
Lakshit Rajagopal,41,Female,09-07-1984,9.18E+11,park,Medical condition: none,,13761.png
Quincy Sur,18,Female,28-11-2007,9.20E+11,park,Medical condition: allergic,,46935.png
Ojas Suri,20,Male,31-12-2005,9.20E+11,bus stop,Wearing black clothes,,03480.png
Logan Grover,53,Female,16-01-1972,9.18E+11,station,Wearing red clothes,,18740.png
Shravya Bera,25,Male,27-03-2000,9.19E+11,school,Medical condition: asthmatic,,51475.png
Aditya Sundaram,36,Male,31-10-1989,9.16E+11,market,Wearing black clothes,,03931.png
Robert Rajagopalan,26,Male,16-02-1999,9.17E+11,school,Wearing green clothes,,13153.png
Nilima Swamy,49,Female,03-12-1976,9.18E+11,market,Wearing blue clothes,,12832.png
Sachi Suresh,69,Male,22-10-1956,9.19E+11,market,Carrying a bag,,16919.png
Fitan Balasubramanian,68,Male,10-10-1957,9.20E+11,market,Has a large tattoo,,16608.png
Brinda Bali,38,Female,11-09-1987,9.19E+11,station,Wearing blue clothes,,45053.png
Umang Yogi,51,Female,07-05-1974,9.20E+11,station,Carrying a wallet,,00213.png
Om Shankar,13,Female,28-05-2012,9.16E+11,park,Has a large tattoo,,21451.png
Yasti Chowdhury,28,Female,06-10-1997,9.20E+11,park,Carrying a umbrella,,03353.png
Amrita Peri,19,Male,18-08-2006,9.19E+11,station,Wearing green clothes,,07618.png
Ridhi Kamdar,54,Female,17-06-1971,9.19E+11,school,Carrying a umbrella,,44686.png
Harsh Kota,27,Female,06-08-1998,9.18E+11,station,Carrying a bag,,37369.png
Bachittar Sengupta,59,Female,25-02-1966,9.18E+11,school,Carrying a phone,,53864.png
Ijaya Chahal,73,Female,19-05-1952,9.19E+11,bus stop,Medical condition: allergic,,11273.png
Jacob Khalsa,7,Female,05-12-2018,9.20E+11,park,Medical condition: none,,27813.png
Indali Sangha,57,Female,21-12-1968,9.17E+11,park,Carrying a bag,,43751.png
Liam Jhaveri,16,Female,30-10-2009,9.17E+11,market,Has a unique tattoo,,48966.png
Daniel Panchal,68,Female,26-04-1957,9.19E+11,market,Medical condition: diabetic,,04520.png
Om Naik,75,Male,29-08-1950,9.20E+11,park,Wearing green clothes,,43450.png
Bimala Loke,71,Female,08-10-1954,9.18E+11,market,Carrying a bag,,11062.png
Krishna Sabharwal,14,Male,31-05-2011,9.18E+11,market,Has a large tattoo,,33595.png
Aradhana Date,20,Male,13-02-2005,9.19E+11,station,Carrying a wallet,,05915.png
Zaid Dhingra,54,Female,02-02-1971,9.20E+11,bus stop,Medical condition: diabetic,,27677.png
Yug Ramaswamy,67,Female,24-09-1958,9.20E+11,school,Carrying a umbrella,,49411.png
Lucky Luthra,23,Male,03-12-2002,9.17E+11,market,Medical condition: diabetic,,27209.png
Keya Seth,15,Female,28-12-2010,9.18E+11,school,Medical condition: diabetic,,50507.png
Girik Rau,65,Male,19-04-1960,9.20E+11,school,Medical condition: none,,02897.png
Jyoti Sha,16,Female,16-11-2009,9.17E+11,park,Wearing green clothes,,40536.png
Falak Agate,34,Female,18-07-1991,9.18E+11,park,Has a scarred tattoo,,20661.png
Tara Parmar,76,Male,27-01-1949,9.19E+11,park,Medical condition: allergic,,52695.png
Mitali Kamdar,63,Male,18-03-1962,9.17E+11,school,Has a unique tattoo,,32372.png
Siddharth Talwar,32,Female,06-02-1993,9.19E+11,park,Medical condition: allergic,,04879.png
Ekantika Mander,69,Male,25-05-1956,9.18E+11,market,Medical condition: allergic,,20469.png
Kalpit Sundaram,61,Male,30-09-1964,9.19E+11,market,Wearing green clothes,,18846.png
Chanakya Batra,54,Female,31-01-1971,9.19E+11,station,Has a large tattoo,,12094.png
Tripti Babu,19,Female,06-08-2006,9.17E+11,bus stop,Medical condition: asthmatic,,43433.png
Nakul Sastry,16,Female,30-01-2009,9.20E+11,station,Medical condition: asthmatic,,40202.png
Aadi Sangha,23,Male,28-05-2002,9.19E+11,station,Medical condition: allergic,,03693.png
Kevin Mittal,49,Male,30-09-1976,9.16E+11,school,Carrying a wallet,,43651.png
Anusha Chander,25,Female,06-01-2000,9.20E+11,park,Has a large tattoo,,17776.png
Zashil Butala,75,Male,08-07-1950,9.17E+11,school,Has a scarred tattoo,,41434.png
Noah Ben,48,Female,24-01-1977,9.18E+11,school,Has a small tattoo,,52646.png
Dalaja Kaur,35,Male,14-10-1990,9.17E+11,school,Wearing red clothes,,50922.png
Gavin Chandran,38,Female,17-09-1987,9.17E+11,market,Wearing black clothes,,28677.png
Tanay Sood,76,Female,23-02-1949,9.19E+11,school,Carrying a umbrella,,07812.png
Kevin Kara,35,Female,23-11-1990,9.17E+11,bus stop,Carrying a wallet,,29145.png
Aditya Anand,64,Male,26-02-1961,9.16E+11,market,Wearing black clothes,,19585.png
Jai Sami,34,Female,10-06-1991,9.18E+11,station,Carrying a phone,,17309.png
Vanya Bobal,74,Female,29-10-1951,9.19E+11,market,Has a large tattoo,,13113.png
Leela Chakraborty,18,Female,23-04-2007,9.20E+11,bus stop,Carrying a bag,,48184.png
Harshil Munshi,57,Male,03-06-1968,9.18E+11,station,Carrying a bag,,17076.png
Chandani Devan,60,Male,29-03-1965,9.17E+11,market,Has a large tattoo,,28132.png
Kiaan Dhar,65,Male,23-02-1960,9.17E+11,bus stop,Medical condition: asthmatic,,50270.png
Abhiram Gala,44,Male,02-10-1981,9.18E+11,market,Wearing white clothes,,15488.png
Indali Kala,74,Male,23-04-1951,9.18E+11,station,Carrying a bag,,13673.png
Nisha Savant,37,Female,06-03-1988,9.18E+11,bus stop,Wearing blue clothes,,25997.png
Gabriel Chaudhry,15,Female,19-06-2010,9.19E+11,school,Medical condition: allergic,,00364.png
Jatin Rajagopalan,55,Male,11-10-1970,9.19E+11,school,Wearing red clothes,,40287.png
Pushti Murty,19,Female,26-03-2006,9.20E+11,station,Medical condition: none,,21125.png
Yug Malhotra,42,Male,23-09-1983,9.16E+11,bus stop,Carrying a wallet,,06077.png
Yuvraj Mane,18,Male,21-11-2007,9.17E+11,park,Carrying a umbrella,,06400.png
Charvi Jha,29,Female,14-04-1996,9.16E+11,school,Carrying a umbrella,,02151.png
Manya Merchant,43,Male,01-09-1982,9.19E+11,market,Wearing green clothes,,33135.png
Wriddhish Talwar,68,Female,02-03-1957,9.19E+11,park,Wearing red clothes,,53052.png
Isaiah Khosla,55,Female,24-01-1970,9.18E+11,station,Carrying a wallet,,01948.png
Ekavir Wable,21,Female,22-11-2004,9.20E+11,school,Has a small tattoo,,37405.png
Jalsa Nadig,21,Female,21-07-2004,9.16E+11,market,Medical condition: none,,15701.png
Lila Salvi,80,Male,30-06-1945,9.17E+11,park,Carrying a wallet,,32541.png
Orinder Sinha,38,Female,04-12-1987,9.17E+11,bus stop,Medical condition: asthmatic,,20204.png
Anay Bir,48,Male,14-04-1977,9.17E+11,school,Carrying a umbrella,,22920.png
Adweta Kale,75,Male,27-08-1950,9.17E+11,school,Carrying a phone,,33470.png
Darpan Rao,68,Male,04-05-1957,9.18E+11,bus stop,Has a large tattoo,,24237.png
Yachana Sagar,35,Female,17-05-1990,9.18E+11,bus stop,Has a scarred tattoo,,37423.png
Neelima Butala,9,Female,20-11-2016,9.17E+11,school,Wearing black clothes,,39654.png
Arunima Chacko,65,Female,22-07-1960,9.16E+11,school,Carrying a umbrella,,39509.png
Farhan Vaidya,78,Male,28-01-1947,9.19E+11,bus stop,Wearing white clothes,,46508.png
Nachiket Yadav,22,Female,30-05-2003,9.18E+11,school,Wearing black clothes,,44985.png
Mahika Bhatti,67,Male,04-05-1958,9.17E+11,market,Has a unique tattoo,,04530.png
Rajeshri Khare,71,Female,10-08-1954,9.17E+11,park,Wearing red clothes,,02252.png
Yash Chadha,24,Female,15-03-2001,9.18E+11,market,Has a scarred tattoo,,13779.png
Jack Setty,52,Male,09-02-1973,9.19E+11,park,Wearing green clothes,,02554.png
Dayamai Gill,21,Female,26-01-2004,9.17E+11,market,Has a small tattoo,,47630.png
Advik Devan,52,Male,08-12-1973,9.19E+11,market,Has a small tattoo,,16686.png
Nihal Taneja,42,Male,02-01-1983,9.18E+11,school,Carrying a wallet,,00934.png
Zansi Lad,56,Male,02-06-1969,9.17E+11,station,Medical condition: diabetic,,51768.png
Kamya Date,56,Male,11-02-1969,9.16E+11,market,Wearing red clothes,,48500.png
Jacob Balan,34,Male,03-03-1991,9.17E+11,bus stop,Carrying a phone,,41032.png
Pushti Magar,20,Male,24-04-2005,9.18E+11,school,Carrying a phone,,48799.png
Adya Bose,37,Female,18-10-1988,9.19E+11,market,Wearing black clothes,,53865.png
Tamanna Vaidya,45,Female,17-07-1980,9.19E+11,station,Medical condition: diabetic,,11511.png
Christopher Tata,6,Female,14-03-2019,9.20E+11,market,Wearing green clothes,,02013.png
Jhalak Dugar,11,Male,06-11-2014,9.19E+11,park,Has a unique tattoo,,38707.png
Harshil D’Alia,52,Female,20-10-1973,9.18E+11,bus stop,Wearing white clothes,,36416.png
Yashodhara Agate,44,Female,28-01-1981,9.18E+11,market,Medical condition: diabetic,,48188.png
Advik Konda,33,Male,28-08-1992,9.18E+11,station,Wearing white clothes,,46013.png
Urmi Patla,56,Male,24-01-1969,9.17E+11,bus stop,Wearing black clothes,,12807.png
Mason Gola,12,Female,26-10-2013,9.19E+11,park,Has a unique tattoo,,19749.png
Oni Kapur,71,Female,07-08-1954,9.19E+11,park,Has a scarred tattoo,,03228.png
Yuvraj Saha,29,Male,09-02-1996,9.19E+11,station,Has a scarred tattoo,,22207.png
Anika Brahmbhatt,47,Female,11-07-1978,9.16E+11,station,Wearing red clothes,,22499.png
Jagdish Thakkar,63,Female,26-05-1962,9.19E+11,market,Wearing green clothes,,39250.png
Praneel Kapoor,50,Male,09-06-1975,9.18E+11,station,Has a large tattoo,,45702.png
Nandini Biswas,78,Female,30-05-1947,9.18E+11,bus stop,Has a unique tattoo,,18344.png
Barkha Mukhopadhyay,40,Male,27-10-1985,9.20E+11,station,Has a small tattoo,,31044.png
Gabriel Shan,38,Male,24-02-1987,9.17E+11,park,Medical condition: asthmatic,,16381.png
Jyoti Iyer,54,Male,22-06-1971,9.17E+11,school,Has a unique tattoo,,24846.png
Daksha Kibe,54,Female,11-04-1971,9.18E+11,market,Wearing red clothes,,37435.png
Jyoti Tak,32,Female,11-03-1993,9.20E+11,market,Wearing blue clothes,,04320.png
Yatan Dora,15,Female,31-05-2010,9.18E+11,station,Has a unique tattoo,,24853.png
Nimrat Bajwa,56,Female,07-01-1969,9.16E+11,station,Carrying a phone,,43638.png
Hiral Andra,33,Female,06-08-1992,9.17E+11,school,Medical condition: diabetic,,37784.png
Aarav Puri,31,Female,14-03-1994,9.17E+11,school,Has a small tattoo,,08888.png
Hemang Jha,36,Male,04-12-1989,9.18E+11,school,Medical condition: diabetic,,34285.png
Oni Swamy,79,Female,21-10-1946,9.16E+11,park,Medical condition: allergic,,45808.png
Lucky Mammen,46,Male,20-07-1979,9.16E+11,bus stop,Carrying a umbrella,,19024.png
Caleb Kata,34,Male,24-10-1991,9.16E+11,station,Wearing blue clothes,,33983.png
Kashish Shanker,53,Male,26-09-1972,9.17E+11,market,Wearing green clothes,,21151.png
Girish Tiwari,23,Male,06-09-2002,9.18E+11,park,Wearing red clothes,,25949.png
Meera Borde,79,Female,13-01-1946,9.19E+11,market,Has a unique tattoo,,53067.png
Radhika De,27,Male,09-12-1998,9.18E+11,bus stop,Wearing white clothes,,30851.png
Bishakha Lal,61,Male,14-06-1964,9.17E+11,bus stop,Carrying a umbrella,,20518.png
Maya Narain,16,Female,16-07-2009,9.17E+11,station,Wearing white clothes,,00950.png
Sneha Magar,58,Male,24-06-1967,9.19E+11,market,Medical condition: none,,40170.png
Falan Jain,57,Male,28-08-1968,9.20E+11,bus stop,Wearing blue clothes,,44989.png
Ikbal Dugal,47,Male,17-07-1978,9.18E+11,market,Has a scarred tattoo,,25263.png
Nitesh Sengupta,41,Female,01-05-1984,9.16E+11,market,Medical condition: asthmatic,,17735.png
Dipta Ray,49,Male,16-04-1976,9.16E+11,bus stop,Has a unique tattoo,,00542.png
Ishita Johal,11,Female,27-06-2014,9.18E+11,market,Medical condition: allergic,,48679.png
Darika Sheth,69,Male,08-07-1956,9.16E+11,market,Medical condition: none,,21663.png
Jagdish Chana,73,Female,30-05-1952,9.19E+11,market,Has a small tattoo,,37165.png
Daksha Baria,7,Male,07-03-2018,9.19E+11,school,Medical condition: diabetic,,26387.png
Falak Divan,73,Female,15-08-1952,9.19E+11,school,Carrying a phone,,05187.png
Yuvraj Parekh,14,Male,03-07-2011,9.16E+11,bus stop,Medical condition: allergic,,19068.png
Yochana Bawa,57,Male,26-12-1968,9.17E+11,park,Carrying a phone,,52617.png
Abha Ghosh,60,Female,20-04-1965,9.16E+11,station,Has a small tattoo,,42482.png
Nidhi Sethi,77,Male,26-12-1948,9.20E+11,market,Carrying a bag,,49150.png
Girindra Shere,50,Male,08-05-1975,9.18E+11,park,Wearing blue clothes,,33732.png
Logan Dara,9,Female,07-10-2016,9.17E+11,bus stop,Has a small tattoo,,15842.png
David Kapadia,6,Male,04-12-2019,9.16E+11,market,Wearing blue clothes,,27179.png
Rudra Rattan,29,Female,23-02-1996,9.20E+11,bus stop,Medical condition: none,,06336.png
Frado Lad,69,Female,11-04-1956,9.17E+11,bus stop,Carrying a umbrella,,34794.png
Anthony Bhattacharyya,28,Female,15-03-1997,9.19E+11,park,Has a scarred tattoo,,23217.png
Sachi Dave,65,Female,19-11-1960,9.20E+11,station,Carrying a bag,,22027.png
Garima Das,20,Female,31-01-2005,9.17E+11,bus stop,Wearing black clothes,,29334.png
Triya Bedi,58,Male,14-07-1967,9.19E+11,market,Carrying a phone,,25283.png
Rachita Rana,11,Male,19-04-2014,9.16E+11,school,Has a unique tattoo,,49479.png
Ayushman Raja,71,Female,04-10-1954,9.17E+11,station,Has a scarred tattoo,,53082.png
Orinder Pandya,35,Male,15-10-1990,9.20E+11,school,Wearing black clothes,,19429.png
Rachit Maharaj,30,Male,16-10-1995,9.17E+11,park,Medical condition: none,,30303.png
Sanaya Dixit,23,Female,07-07-2002,9.19E+11,bus stop,Medical condition: asthmatic,,05358.png
Yatan Merchant,60,Male,06-03-1965,9.18E+11,market,Carrying a umbrella,,41050.png
Nisha Srinivas,35,Male,27-09-1990,9.16E+11,park,Has a small tattoo,,26395.png
Gagan Mammen,36,Male,28-05-1989,9.19E+11,market,Carrying a bag,,16222.png
Laksh Saini,20,Male,30-07-2005,9.17E+11,bus stop,Medical condition: asthmatic,,16155.png
Zaid Bahl,56,Male,24-08-1969,9.16E+11,park,Carrying a bag,,05301.png
Jagrati Srinivasan,68,Female,01-04-1957,9.18E+11,station,Carrying a phone,,07661.png
Hemangini Thakkar,53,Male,24-02-1972,9.18E+11,market,Medical condition: diabetic,,51637.png
Lipika Madan,22,Male,02-06-2003,9.19E+11,station,Medical condition: diabetic,,42648.png
Atharv Nagar,55,Female,30-06-1970,9.19E+11,station,Has a unique tattoo,,01320.png
Ayushman Mand,49,Male,16-01-1976,9.18E+11,park,Has a scarred tattoo,,50139.png
Urmi Wagle,57,Female,03-12-1968,9.18E+11,school,Wearing black clothes,,41165.png
Viraj Dutta,22,Female,08-06-2003,9.20E+11,bus stop,Medical condition: none,,45653.png
Yug Khosla,55,Female,22-11-1970,9.17E+11,bus stop,Has a unique tattoo,,27890.png
Daksh Kanda,56,Female,12-04-1969,9.20E+11,park,Has a scarred tattoo,,29791.png
Isha Ghose,48,Female,30-12-1977,9.16E+11,park,Wearing blue clothes,,47715.png
